:020000040800F2
:100000000000012025220008811E0008891E00082A
:10001000911E0008991E0008A11E000800000000A3
:10002000000000000000000000000000A91E000801
:10003000B71E000800000000C51E0008D31E0008FF
:100040007522000875220008752200087522000834
:100050007522000875220008752200087522000824
:100060007522000875220008752200087522000814
:100070007522000875220008752200087522000804
:100080007522000875220008752200080000000093
:1000900000000000000000000000000075220008C1
:1000A00075220008752200087522000875220008D4
:1000B000E11E00087522000875220008752200085C
:1000C00075220008752200087522000875220008B4
:1000D00075220008F51E00087522000800000000C7
:1000E0007522000875220008752200080000000033
:1000F0000000000000000000000000007522000861
:100100000000000075220008091F00087522000881
:1001100000000000000000000000000000000000DF
:1001200075220008752200081D1F000875220008AE
:100130007522000800000000000000000000000020
:10014000000000000000000000000000311F000857
:100150007522000875220008451F00087522000856
:100160007522000875220008000000000000000051
:10017000000000000000000000000000000000007F
:1001800000000000752200080000000000000000D0
:0401900075220008CC
:1001940010B5054C237833B9044B13B10448AFF3BD
:1001A40000800123237010BD8400002000000000A3
:1001B4007CA4000808B5034B1BB103490348AFF303
:1001C400008008BD00000000880000207CA4000816
:1001D40053B94AB9002908BF00281CBF4FF0FF31AA
:1001E4004FF0FF3000F088B9ADF1080C6DE904CE92
:1001F40000F006F8DDF804E0DDE9022304B07047FE
:100204002DE9F047089D8E4604468846002B4AD1C6
:100214008A42174662D9B2FA82F64EB1C6F1200379
:1002240001FA06F820FA03F3B74043EA0808B44099
:100234004FEA174E1FFA87FCB8FBFEF1230C0EFBA6
:10024400118843EA084301FB0CF29A4209D9FB18CE
:1002540001F1FF3080F0EA809A4240F2E7800239EF
:100264003B449A1AA3B2B2FBFEF00EFB102243EAFF
:10027400024300FB0CFC9C4509D9FB1800F1FF323A
:1002840080F0D6809C4540F2D3803B44023840EA5B
:100294000140A3EB0C0300211DB1F3400022C5E98A
:1002A4000032BDE8F0878B4205D90DB1C5E90001E4
:1002B40000210846F5E7B3FA83F1002946D17345D6
:1002C40002D3824200F20581841A6EEB03020120FC
:1002D4009046002DE5D0C5E90048E2E7002A00F089
:1002E4009080B2FA82F6002E40F0A4808A1A030CA1
:1002F4004FEA174E80B2BCB20121B2FBFEFC0EFBEA
:100304001C2243EA024304FB0CF29A4207D9FB186D
:100314000CF1FF3802D29A4200F2E080C4469B1AE4
:10032400B3FBFEF20EFB123340EA034302FB04F478
:100334009C4207D9FB1802F1FF3002D29C4200F222
:10034400CA8002461B1B42EA0C40A5E7C1F1200605
:100354008B4022FA06F71F430EFA01F420FA06F343
:100364002EFA06FE4FEA1749234300FA01F81FFA52
:1003740087FCBEFBF9F01C0C09FB10EE44EA0E44AA
:1003840000FB0CFEA64502FA01F209D93C1900F162
:10039400FF3A80F09C80A64540F2998002383C44A4
:1003A400A4EB0E041FFA83FEB4FBF9F309FB134418
:1003B4004EEA044403FB0CFCA44508D93C1903F1A0
:1003C400FF3E80F08280A4457FD9023B3C4443EA4F
:1003D4000040A4EB0C04A0FB02EC64457346E14628
:1003E40062D35FD05DB1B8EB030264EB090404FA95
:1003F40006F622FA01F31E43CC40C5E9006400214D
:100404004FE7B1FBF2FC010C41EA0E4180B240EA35
:1004140001423B4638463C46B846BE462026B1FB20
:10042400F7F1A2EB080241EA0C4166E7014618E73E
:1004340010462CE7C6F120022EFA02F3B740B14071
:1004440020FA02F24FEA174E0A43B3FBFEF8BCB29D
:100454000EFB1833110C41EA034108FB04F9B040C8
:1004640089454FEA104380B23ED9791808F1FF3C20
:1004740001D289451FD8A1EB0901B1FBFEF909FBA3
:1004840004F80EFB191192B242EA0142424529D204
:10049400BA1809F1FF31C4D24245C2D2A9F102010E
:1004A4003A44BEE7F0459DD2BEEB02036CEB070C69
:1004B4000138E14696E7A7EB09094944A8F1020C83
:1004C400B1FBFEF909FB04F8DBE773467FE750460E
:1004D40066E70846FDE63B44023A33E7ACF1020C1A
:1004E4003B441CE749469CE7A1EB0901C446B1FB28
:1004F400FEF909FB04F8C4E7704700BF80B485B077
:1005040000AF03460A46FB8013467B717B791BB21E
:100514001B021AB2B7F9063053401BB2FB8000230A
:10052400FB7314E0B7F90630002B0ADAB7F906308A
:100534005B001BB283F4815383F001031BB2FB8085
:1005440002E0FB885B00FB80FB7B0133FB73FB7BDE
:10055400072BE7D9FB8818461437BD465DF8047BA2
:10056400704780B584B000AF786039604FF6FF7390
:10057400FB810023BB600DE07A68BB6813441A78E2
:10058400FB8911461846FFF7B9FF0346FB81BB6898
:100594000133BB60BA683B689A42EDD3FB891846C5
:1005A4001037BD4680BD000080B582B000AF002387
:1005B4007B60104B1B6B0F4A43F4800313630D4B9A
:1005C4001B6B03F480037B607B68002202213A20CA
:1005D40001F06EFF3A2001F087FF0022022146203D
:1005E40001F066FF462001F07FFF00BF0837BD46DB
:1005F40080BD00BF0038024080B58AB000AF07F16B
:10060400140300221A605A609A60DA601A610023A7
:100614003B61444B1B6B434A43F001031363414B5F
:100624001B6B03F001033B613B690023FB603D4B03
:100634001B6B3C4A43F0020313633A4B1B6B03F0FE
:100644000203FB60FB680023BB60364B1B6B354A1F
:1006540043F004031363334B1B6B03F00403BB60CD
:10066400BB6800237B602F4B1B6B2E4A43F0800337
:1006740013632C4B1B6B03F080037B607B682A4B5A
:100684001B6A294A23F47043136201220F2127486D
:1006940002F0BEFC0F237B610123BB610023FB61DD
:1006A40002233B6207F114031946204802F02CFB95
:1006B40063237B610023BB610123FB6107F1140306
:1006C4001946194802F020FB01224FF40051184842
:1006D40002F09EFC4FF400537B610123BB610023B5
:1006E400FB6100233B6207F114031946104802F032
:1006F4000BFB01224FF440510B4802F089FC4FF4EC
:1007040040537B610123BB610023FB6100233B62F7
:1007140007F114031946044802F0F6FA00BF28371B
:10072400BD4680BD00380240000402400000024083
:100734000008024080B500AF09220021074809F0F3
:1007440061FE09220021064809F05CFE034B0122E8
:100754001A70034B01221A7000BF80BDA000002054
:10076400AC00002080B584B000AF786000F080F960
:10077400034683F00103DBB2002B37D100F090F97C
:10078400F8601C4B01221A70FB681A78194B5A70D6
:10079400184B00229A7006220021174809F032FEF5
:1007A400FB68DB79062B28BF0623FB72FB68013349
:1007B400FA7A1946104809F051FE09220F490D48EA
:1007C40009F010FE0346002B0DD00A49786809F0A1
:1007D400AFFA0346BB72BB7A002B04D1074B054A20
:1007E40007CA03C31A7000F04FF900E000BF1037C6
:1007F400BD4680BDAC000020AF000020A00000205A
:1008040080B500AF094B0A4A1A60084B04225A60AB
:10081400064B4FF4FA629A60044802F02CFC03463B
:10082400002B01D000F002FC00BF80BDB800002006
:100834000030004080B582B000AF102200211F4874
:1008440009F0E0FD202200211D4809F0DBFD2022F3
:1008540000211C4809F0D6FD1B4B1C4A1A601A4B98
:100864001B4A5A6002237B6007E0174A7B68002119
:1008740042F823107B6801337B607B680F2BF4DD27
:10088400144B154A1A60134B144A5A6002233B60F6
:1008940007E0104A3B68002142F823103B6801330B
:1008A4003B603B680F2BF4DD044B00225A72034B70
:1008B4000122DA6000BF0837BD4680BDC4000020B5
:1008C4005401002074010020D4000020ECA400088E
:1008D4000CA50008140100202CA500084CA5000854
:1008E40080B584B000AF78607B68002B51D07B6802
:1008F4005B78032B4FD87B689B78032B4BD87B68A2
:100904005B789B00DAB27B689B7813447B737B68CB
:10091400DB78012B0FD17B685A787B689B7819466A
:10092400104600F0C7F80346FB817B7B1D49FA891A
:1009340021F8132009E07B7B1A4A32F81330FB813B
:100944007B7B184A002122F81310FB89002B24D04A
:10095400FB89B3F5704F20D0FB891B0B9BB2DBB234
:1009640003F00F033B733B7B002B02D0012B08D019
:1009740014E07B68DA78FB891146184600F01AF90E
:100984000CE07B68DA78FB891146184600F060F9C0
:1009940004E000BF02E000BF00E000BF1037BD4626
:1009A40080BD00BF5401002080B584B000AF7860E2
:1009B4007B68002B51D07B685B78032B4FD87B6816
:1009C4009B78032B4BD87B685B789B00DAB27B68FF
:1009D4009B7813447B737B68DB78012B0FD17B6896
:1009E4005A787B689B781946104600F0A3F80346B2
:1009F400FB817B7B1D49FA8921F8132009E07B7B6D
:100A04001A4A32F81330FB817B7B184A002122F802
:100A14001310FB89002B24D0FB89B3F5704F20D031
:100A2400FB891B0B9BB2DBB203F00F033B733B7BD5
:100A3400002B02D0012B08D014E07B68DA78FB8904
:100A44001146184600F0B6F80CE07B68DA78FB89AA
:100A54001146184600F0FCF804E000BF02E000BFB5
:100A640000E000BF1037BD4680BD00BF7401002008
:100A740080B400AF034B1B7A1846BD465DF8047B77
:100A8400704700BFC400002080B400AF034B0022B5
:100A94001A7200BFBD465DF8047B7047C400002095
:100AA40080B400AF024B1846BD465DF8047B704726
:100AB400C400002080B485B000AF03460A46FB7131
:100AC4001346BB710F23FB6026E0184BDA68FB6802
:100AD40022FA03F303F00103002B17D0144AFB6836
:100AE40052F82330002B13D0114AFB6852F823200C
:100AF400FB799900BB790B445B0013441B887B8111
:100B04007B89B3F5704F04D07B8909E000BF00E016
:100B140000BFFB68013BFB60FB68002BD5DA0023B8
:100B240018461437BD465DF8047B7047C4000020A6
:100B3400D400002080B485B000AF03460A46FB71A0
:100B44001346BB710F23FB6026E0184BDA68FB6881
:100B540022FA03F303F00103002B17D0144AFB68B5
:100B640052F82330002B13D0114AFB6852F823208B
:100B7400FB799900BB790B445B0013441B887B8190
:100B84007B89B3F5704F04D07B8909E000BF00E096
:100B940000BFFB68013BFB60FB68002BD5DA002338
:100BA40018461437BD465DF8047B7047C400002026
:100BB4001401002080B584B000AF03460A46FB80D0
:100BC40013467B71FB88C3F30B03FB81FB88C3F3E0
:100BD4000B03DF2B28DDFB88C3F30B03E72B23DC9C
:100BE400FB88C3F30B03E03B012202FA03F37B739C
:100BF4007B79012B07D1154B1A787B7B1343DAB22F
:100C0400124B1A700BE0114B1B785AB297F90D3046
:100C1400DB435BB213405BB2DAB20C4B1A700B4B82
:100C240001221A7200BF0DE07B79012B05D1FB89EB
:100C3400DBB2184600F076F804E0FB89DBB2184614
:100C440000F0A4F800BF1037BD4680BDC4000020EA
:100C540080B485B000AF03460A46FB8013467B711F
:100C6400FB881B12DBB203F00F03FB73FB881B1121
:100C7400DBB203F00F03BB73BB7B0F2B44D8FB7BAE
:100C8400022B37D0022B41DC002B02D0012B1ED0CB
:100C94003CE07B79012B09D1214BDA68BB7B012134
:100CA40001FA03F313431E4AD36009E01C4BDA68CC
:100CB400BB7B012101FA03F3DB431340184AD360E1
:100CC400174BDB6843F00103154AD36023E07B79BB
:100CD400012B1DD1124BDA68BB7B012101FA03F30E
:100CE40053400F4AD3600E4BDB6843F001030C4AB8
:100CF400D3600DE07B79012B0CD1BB7B012202FA7E
:100D040003F3074AD36005E000BF04E000BF02E03C
:100D140000BF00E000BF1437BD465DF8047B704798
:100D2400C400002080B485B000AF0346FB710023EB
:100D3400FB7309E0FB7B144A13445B78FA799A420B
:100D44001CD0FB7B0133FB730F4BDB79FA7B9A429C
:100D5400F0D30D4BDB79052B11D80B4BDB791A46FD
:100D6400094B1344FA795A70074BDB790133DAB231
:100D7400054BDA71044B01221A7200E000BF1437EC
:100D8400BD465DF8047B7047C400002080B485B084
:100D940000AF0346FB710023FB7330E0FB7B1D4A6D
:100DA40013445B78FA799A4226D1FB7BBB730CE03F
:100DB400BB7B5A1CBB7B17490A445178154A134420
:100DC4000A465A70BB7B0133BB73BA7B114BDB7988
:100DD400013B9A42ECDB0F4BDB79013BDAB20D4B62
:100DE400DA710C4BDB791A460A4B134400225A7011
:100DF400084B01221A7207E0FB7B0133FB73054B9E
:100E0400DB79FA7B9A42C9D31437BD465DF8047B7B
:100E1400704700BFC400002080B58EB000AF01F061
:100E240029FA00F07DF8FFF7E7FBFFF7BDFB01F0BF
:100E3400A3F801F013F900F0FFF800F087FBFFF7C7
:100E4400DFFC08F0D7FCFFF7F5FCFFF773FC2F4835
:100E540004F07AF800237B630AE04FF400512C4835
:100E640002F0EFF8642001F047FA7B6B01337B63F7
:100E74007B6B052BF1DD01224FF40051244802F075
:100E8400C7F8244802F03BF900F0A6FB04E007F1A0
:100E940028031846FFF724FD07F12803184600F03D
:100EA40089F90346002BF2D104E007F12003184628
:100EB400FFF77AFD07F12003184600F0C5FB03464F
:100EC400002BF2D1144808F085FF0346002B02D012
:100ED4001148FFF747FC3B46184608F053FFFFF75D
:100EE400DFFD38633B6BDB6803F00203002B06D0A5
:100EF40000224FF48051094802F08AF8C1E7012228
:100F04004FF48051054802F083F8BAE7F005002059
:100F140000080240B80000204807002000040240F6
:100F240080B594B000AF07F12003302200211846A9
:100F340009F068FA07F10C0300221A605A609A60FB
:100F4400DA601A610023BB60294B1B6C284A43F00A
:100F540080531364264B1B6C03F08053BB60BB6847
:100F640000237B60234B1B6823F44043214A43F452
:100F7400004313601F4B1B6803F440437B607B6892
:100F840001233B624FF480337B620223BB634FF443
:100F94008003FB6319233B644FF4A8737B6404232D
:100FA400BB640723FB6407F12003184603F0F2FA3D
:100FB4000346002B01D000F039F80F23FB60022315
:100FC4003B6100237B614FF48053BB610023FB61D1
:100FD40007F10C030221184603F054FD0346002BCD
:100FE40001D000F023F800BF5037BD4680BD00BFDC
:100FF400003802400070004080B582B000AF7860D5
:101004007B681B68084A934201D101F055F97B685B
:101014001B68B3F1804F03D100F08AF800F078F830
:1010240000BF0837BD4680BD000C004080B400AF4F
:1010340072B600BF00BFFDE780B582B000AF4022AA
:101044000021314809F0DEF94FF4827200212F4863
:1010540009F0D8F90023FB7141E00023BB712FE0B4
:10106400F979BB7928481A4652001A440B465B00AA
:101074000B449B0013440344083300221A70F9798B
:10108400BB7921481A4652001A440B465B000B44B4
:101094009B0013440344093300221A70F979BB7985
:1010A40019481A4652001A440B465B000B449B0035
:1010B400134403440A3300221A70BB790133BB7111
:1010C400BB79032BCCD9FB790F4A0021D154FB798E
:1010D4000D4A134400221A71FB790133FB71FB7929
:1010E400032BBAD900237B7106E07B79184600F004
:1010F40001FA7B7901337B717B79032BF5D900BF2E
:1011040000BF0837BD4680BD94010020D4010020F3
:1011140080B500AF00F0D2F800F0FAF8034BDB6BB7
:101124000133024AD36300BF80BD00BF9401002095
:1011340080B483B000AF0023FB712EE00023BB71A9
:1011440025E0F979BB791A4652001A440B465B0034
:101154000B449B0013440833154A13443B603B681B
:101164001B78012B10D13B685B78002B05D03B68C2
:101174005B78013BDAB23B685A703B685B78002BC2
:1011840002D13B6800221A70BB790133BB71BB7971
:10119400032BD6D9FB790133FB71FB79032BCDD912
:1011A40000BF00BF0C37BD465DF8047B704700BF2D
:1011B4009401002090B482B000AF78607B68002B6B
:1011C40001D100232EE01A4B93F80231002B01D1F8
:1011D400002327E072B600BF154B93F800317968FD
:1011E400134A0C46DB00134493E8030084E803002D
:1011F4000F4B93F8003101335A4203F01F0302F0FE
:101204001F0258BF5342DAB2094B83F80021084B3E
:1012140093F80231013BDAB2054B83F8022162B63E
:1012240000BF012318460837BD4690BC704700BF75
:10123400D401002080B483B000AF03460A46FB719A
:101244001346BB71FB799B00DAB2BB791344DBB262
:1012540018460C37BD465DF8047B704780B483B0F4
:1012640000AF0023FB71134B1B693B600023BB7170
:1012740015E0BB79104A32F813301A463B68134024
:10128400002B09D1BB79012202FA03F35AB297F970
:10129400073013435BB2FB71BB790133BB71BB797C
:1012A400032BE6D9FB7918460C37BD465DF8047B61
:1012B400704700BF0004024074A5000890B583B0D5
:1012C40000AF0023FB7119E0FB79184600F028F900
:1012D40000BF00BF00BF00BF00BF00BF00BF00BF12
:1012E400FC79FFF7BBFF03461A46084B1A55FB79F6
:1012F400184600F0FFF8FB790133FB71FB79032BEF
:10130400E2D900BF00BF0C37BD4690BD9401002058
:1013140080B584B000AF3E4B002283F83820002310
:10132400FB736DE00023BB7364E0F97BBB7B1A465F
:1013340052001A440B465B000B449B0013440833D1
:10134400334A1344BB60FB7B314AD35C1A46BB7BF4
:1013540042FA03F303F00103002B14BF012300231B
:10136400FB71BB681B78002B41D1BB689B78FA7971
:101374009A423CD0BB68FA799A70BB6801221A7011
:10138400BB6805225A70FB79002B12D0FB7B204AE4
:1013940013441B795AB2BB7B012101FA03F35BB2FC
:1013A40013435AB2FB7BD1B2194A13440A461A7149
:1013B40013E0FB7B164A13441B795AB2BB7B012111
:1013C40001FA03F35BB2DB435BB213405AB2FB7B1B
:1013D400D1B20F4A13440A461A710D4B012283F805
:1013E4003820FA79B97BFB7B184600F013F8BB7BF5
:1013F4000133BB73BB7B032B97D9FB7B0133FB739B
:10140400FB7B032B8ED900BF00BF1037BD4680BDC8
:101414009401002080B584B000AF0346FB710B46F5
:10142400BB7113467B71FB797B72BB79BB72BA7952
:10143400FB7911461846FFF7FDFE03463B727B79A4
:10144400FB7200F04DFF0346FB6007F108031846EA
:1014540000F004F800BF1037BD4680BD80B483B0EF
:1014640000AF7860224B93F802311F2B16D9204B22
:1014740093F8003101335A4203F01F0302F01F02B4
:1014840058BF5342DAB21A4B83F80021184B93F831
:101494000231013BDAB2164B83F80221144B93F864
:1014A4000131134A7968DB0013440A4692E80300C9
:1014B40083E803000E4B93F8013101335A4203F0E1
:1014C4001F0302F01F0258BF5342DAB2084B83F8DD
:1014D4000121074B93F802310133DAB2044B83F84C
:1014E4000221012318460C37BD465DF8047B704782
:1014F400D401002080B483B000AF0346FB71FB79B4
:10150400054A32F81320054B9A6100BF0C37BD46DB
:101514005DF8047B704700BF6CA500080000024022
:1015240080B483B000AF0346FB71FB79054A32F8FF
:101534001330054A1B04936100BF0C37BD465DF8A8
:10154400047B70476CA500080000024080B500AF22
:101554004FF4127200211A4808F054FF184B00226D
:101564001A70174B00221A76154B0022A3F830226A
:10157400134B002283F8472200F0B2FE0346104AC0
:10158400536000F0ADFE03460D4A93600D4B0022FC
:101594001A700D4B00221A700C4B00221A704FF473
:1015A40000720B490B4804F07FF90A4B1B68DA6898
:1015B400084B1B6842F01002DA6000BF80BD00BF18
:1015C400D8020020A0050020A1050020A2050020CB
:1015D400070300203806002080B582B000AF00F079
:1015E40031FB0346FB801DE0164BB3F830329BB24F
:1015F4001A46144B134493F82F307B71114BB3F8F4
:1016040030329BB201335A42C3F30803C2F30802D7
:1016140058BF53429AB20B4BA3F830227B79184639
:1016240000F0F4F8074BB3F830329BB2FA889A42D0
:10163400DAD100F0D3FA00F0EBFA00BF0837BD4668
:1016440080BD00BFD802002090B486B000AF78609F
:101654007B68002B04D01D4B1B78DBB2002B01D11F
:1016640000232EE0EFF31083FB60FB687B6172B60E
:1016740000BF174B1B78DBB27968164A0C46DB00B7
:10168400134493E8030084E80300114B1B78DBB296
:1016940001335A4203F00F0302F00F0258BF5342C2
:1016A400DAB20B4B1A70094B1B78DBB2013BDAB28E
:1016B400064B1A707B693B613B6983F3108800BF5A
:1016C400012318461837BD4690BC7047A205002078
:1016D400A00500202005002080B400AF044B0022A8
:1016E40083F8472200BFBD465DF8047B704700BF06
:1016F400D802002080B584B000AF03463960FB7186
:101704001346BB713D4B93F84732DBB2002B01D03B
:1017140000236EE0BB79102B01D9002369E000237C
:10172400FB73FB7B5A1CFA731A46344B1344AA22EC
:1017340083F83222FB7B5A1CFA731A462F4B13444C
:10174400FA7983F83222FB7B5A1CFA731A462B4B24
:101754001344BA7983F83222BB79002B11D03B6849
:10176400002B0ED0FB7B03F50C73244A1344023385
:10177400BA793968184608F071FEFA7BBB791344CC
:10178400FB73BB79023319461D48FEF7EAFE034694
:10179400BB81FB7B5A1CFA731946BB89DAB2174B1F
:1017A4000B4483F83222BB891B0A9AB2FB7B591C77
:1017B400F9731946D2B2114B0B4483F832220F4B02
:1017C400012283F84722FB7B9BB21A460D490E483F
:1017D40003F0EEFF0346002B05D0084B002283F8EC
:1017E4004722002305E0054B5B690133034A53613B
:1017F400012318461037BD4680BD00BFD802002023
:101804000B0500200A0500203806002080B588B0AA
:1018140000AF0346FB71584B1B7E052B00F2A080E2
:1018240001A252F823F000BF45180008551800081B
:10183400631800089F180008CF180008DF18000874
:10184400FB79AA2B40F090804B4B01221A768BE057
:10185400494AFB799376484B02221A7687E0464A36
:10186400FB79D376444B002283F82E20FB79102B8E
:1018740008D9414B1B6901333F4A13613E4B002297
:101884001A7674E0FB79002B03D13B4B04221A76C1
:101894006DE0394B03221A7669E0374B93F82E300A
:1018A4005A1CD1B2344A82F82E101A46324B1344D1
:1018B400FA791A77304B93F82E202F4BDB7E9A421D
:1018C40054D32D4B04221A7650E0FB799AB22A4B5A
:1018D4009A85294B05221A7649E0274B9B8D1AB22B
:1018E400FB791BB21B021BB213431BB29AB2224BED
:1018F4009A85214B9B7E3B731F4BDB7E7B731E4B78
:10190400DB7E002B09D01C4BDB7E1A4607F10C034F
:1019140002331A49184608F0A1FD174BDB7E023347
:101924001A4607F10C0311461846FEF71AFE034641
:10193400FB83114B9B8DFA8B9A4208D1104800F01F
:1019440021F80D4BDB6801330B4AD36004E00A4BEA
:101954001B690133084A1361074B00221A7606E01B
:10196400054B00221A7602E000BF00E000BF00BF72
:101974002037BD4680BD00BFD8020020F4020020FD
:10198400F202002080B582B000AF786000F0A8FCBD
:101994000346164A5360154B1B78002B02D1134B98
:1019A40001221A707B681B78013B032B18D801A213
:1019B40052F823F0D1190008C9190008D9190008F0
:1019C400DF190008786800F013F80AE0786800F07E
:1019D4003FF806E000F0A0F803E000F0A5F800E00E
:1019E40000BF00BF0837BD4680BD00BFD80200203D
:1019F40080B586B000AF78607B685B78022B22D913
:101A04007B6802337B617B691B783B737B691B7842
:101A14009B08DBB27B737B691B7803F00303DBB2A7
:101A2400BB737B695B78002B14BF01230023DBB2FB
:101A3400FB7300F055FC03463B6107F10C031846A9
:101A440000F07EF800E000BF1837BD4680BD0000FE
:101A540080B586B000AF78607B685B78032B54D97F
:101A64000023FB7548E0FB7D2A4AD25CFB7D796844
:101A74000B449B7853407B750023BB752FE07A7D24
:101A8400BB7D42FA03F303F00103002B24D0FB7D5A
:101A94007A6813449B781A46BB7D42FA03F303F039
:101AA4000103002B14BF012300233B75FB7D9B0026
:101AB400DAB2BB7D1344DBB23B73FB7D7B73BB7D2E
:101AC400BB733B7DFB7300F00BFC03463B6107F1EA
:101AD4000C03184600F034F8BB7D0133BB75BB7DA5
:101AE400032BCCD9FA7DFB7D79680A449178094AA5
:101AF400D154FB7D0133FB75FB7D032B06D87B683A
:101B04005B78FA7D9A42AED300E000BF1837BD4639
:101B140080BD00BFA405002080B400AF00BFBD4657
:101B24005DF8047B7047000080B400AF034B0122D2
:101B34001A7000BFBD465DF8047B7047D8020020D0
:101B440080B483B000AF7860204B1B78DBB20F2BDE
:101B540014D91F4B1B78DBB201335A4203F00F0335
:101B640002F00F0258BF5342DAB2194B1A70174BE6
:101B74001B78DBB2013BDAB2144B1A70154B1B789D
:101B8400DBB2154A7968DB0013440A4692E8030085
:101B940083E803000F4B1B78DBB201335A4203F096
:101BA4000F0302F00F0258BF5342DAB2094B1A7006
:101BB400064B1B78DBB20133DAB2044B1A7000BF58
:101BC4000C37BD465DF8047B704700BFA2050020BA
:101BD400A0050020A10500202005002080B582B0CA
:101BE40000AF00F07DFB7860084B9B687A68D31ADD
:101BF400312B07D9054A7B6893600022002103201A
:101C0400FFF778FD00BF0837BD4680BDD80200202D
:101C140080B582B000AF0A4B1B78012B0CD100F0C9
:101C24005FFB0246064B5B68D31A7B607B68642BC0
:101C340002D9034B00221A7000BF0837BD4680BD8D
:101C4400D802002080B483B000AF0B4BDB6B1B6861
:101C54005B68FB80FB88C3F500735A42C3F3080337
:101C6400C2F3080258BF53429BB218460C37BD4614
:101C74005DF8047B704700BF3806002080B582B051
:101C840000AF78607B681B68044A934201D1FFF778
:101C940023FD00BF0837BD4680BD00BF00100140D2
:101CA40080B586B000AF78607B681B681E4A93429B
:101CB40035D100237B617B681B681B687B617B6873
:101CC4001B685B687B617B6900233B617B681B68E5
:101CD4001B683B617B681B685B683B613B69002355
:101CE400FB607B681B681B68FB607B681B685B6828
:101CF400FB60FB680D4B00221A760C4B0022A3F804
:101D04003022786803F0F5FD4FF4007208497868D2
:101D140003F0CAFD054B1B690133044A136100BF7C
:101D24001837BD4680BD00BF00100140D802002016
:101D34000703002080B483B000AF00237B60104B06
:101D44005B6C0F4A43F4804353640D4B5B6C03F4A8
:101D540080437B607B6800233B60094B1B6C084A13
:101D640043F080531364064B1B6C03F080533B60B9
:101D74003B6800BF0C37BD465DF8047B704700BF6D
:101D84000038024080B58EB000AF78600023FB625B
:101D94000023BB620023FB60334B1B6C324A43F0CD
:101DA40008031364304B1B6C03F00803FB60FB68EF
:101DB40007F1100207F114031146184603F042F824
:101DC4003B6AFB62FB6A002B03D103F013F87863D0
:101DD40004E003F00FF803465B007B637B6B234A4C
:101DE400A2FB03239B0C013BBB62214B214A1A60DB
:101DF4001F4B40F2E732DA601D4ABB6A53601C4B4A
:101E040000221A611A4B00229A60194B00229A612F
:101E1400174803F049F8034687F8333097F833300E
:101E2400002B1BD1124803F08FF8034687F8333098
:101E340097F83330002B11D1322000F055FB7B682A
:101E44000F2B08D800227968322000F031FB0A4AAF
:101E54007B68136002E0012387F8333097F833304E
:101E640018463837BD4680BD0038024083DE1B4328
:101E7400A8050020000C00400400002080B400AF3E
:101E840000BFFDE780B400AF00BFFDE780B400AF42
:101E940000BFFDE780B400AF00BFFDE780B400AF32
:101EA40000BFFDE780B400AF00BFBD465DF8047B12
:101EB400704780B400AF00BFBD465DF8047B704737
:101EC40080B400AF00BFBD465DF8047B704780B4AA
:101ED40000AF00BFBD465DF8047B704780B500AF1E
:101EE400024803F093F800BF80BD00BFF005002056
:101EF40080B500AF024803F07BFD00BF80BD00BF8A
:101F04003806002080B500AF024803F07FF800BF18
:101F140080BD00BFA805002080B500AF024800F0D6
:101F240089FC00BF80BD00BF8006002080B500AFE3
:101F3400024801F038FA00BF80BD00BF980C0020B1
:101F440080B500AF024800F075FC00BF80BD00BF43
:101F5400E006002080B400AF064BD3F88830054A71
:101F640043F47003C2F8883000BFBD465DF8047BBB
:101F7400704700BF00ED00E080B586B000AF07F108
:101F8400080300221A605A609A60DA603B46002215
:101F94001A605A601D4B4FF080421A601B4B53224B
:101FA4005A601A4B00229A60184B40F2E732DA600A
:101FB400164B00221A61154B80229A61134802F0D5
:101FC40073FF0346002B01D0FFF730F84FF4805322
:101FD400BB6007F1080319460C4803F007F90346F0
:101FE400002B01D0FFF722F800233B6000237B6025
:101FF4003B461946054803F009FB0346002B01D074
:10200400FFF714F800BF1837BD4680BDF005002067
:1020140080B584B000AF78607B681B68B3F1804FF3
:1020240015D10023FB600C4B1B6C0B4A43F00103DE
:102034001364094B1B6C03F00103FB60FB68002273
:1020440001211C2000F034FA1C2000F04DFA00BFDE
:102054001037BD4680BD00BF0038024080B500AFD8
:10206400104B114A1A600F4B104A5A600D4B002254
:102074009A600C4B0022DA600A4B00221A61094B69
:102084000C225A61074B00229A61064B0022DA6146
:10209400044803F03DFB0346002B01D0FEF7C6FFC6
:1020A40000BF80BD380600200010014040420F00F0
:1020B40080B58AB000AF786007F1140300221A607B
:1020C4005A609A60DA601A617B681B684D4A9342D1
:1020D40040F0948000233B614B4B5B6C4A4A43F0D5
:1020E40010035364484B5B6C03F010033B613B6982
:1020F4000023FB60444B1B6B434A43F0010313630F
:10210400414B1B6B03F00103FB60FB684FF4C0639E
:102114007B610223BB610023FB6103233B62072332
:102124007B6207F114031946384800F0EDFD384B83
:10213400384A1A60364B4FF000625A60344B002222
:102144009A60334B0022DA60314B4FF480621A619B
:102154002F4B00225A612E4B00229A612C4B4FF4D4
:102164008072DA612A4B4FF400321A62284B002243
:102174005A62274800F0C6F90346002B01D0FEF747
:1021840055FF7B68224ADA63214A7B689363224BBA
:10219400224A1A60204B4FF000625A601E4B4022C4
:1021A4009A601D4B0022DA601B4B4FF480621A6167
:1021B400194B00225A61184B00229A61164B0022D7
:1021C400DA61154B4FF400321A62134B00225A6243
:1021D400114800F097F90346002B01D0FEF726FFC3
:1021E4007B680D4A9A630C4A7B6893630022022140
:1021F400252000F05DF9252000F076F900BF28378E
:10220400BD4680BD0010014000380240000002407D
:102214008006002040640240E0060020B8640240CA
:10222400DFF834D0FFF796FE0C480D490D4A002321
:1022340002E0D458C4500433C4188C42F9D30A4A77
:102244000A4C002301E013600432A242FBD308F0DD
:10225400E1F8FEF7E1FD70470000012000000020D6
:102264008400002058A60008840000207C1100206F
:10227400FEE7000080B500AF0E4B1B680D4A43F427
:10228400007313600B4B1B680A4A43F480631360AA
:10229400084B1B68074A43F480731360032000F063
:1022A400FCF80F20FFF76EFDFFF744FD00231846EE
:1022B40080BD00BF003C024080B400AF064B1B78D9
:1022C4001A46064B1B681344044A136000BFBD46FC
:1022D4005DF8047B704700BF080000204007002021
:1022E40080B400AF034B1B681846BD465DF8047B01
:1022F400704700BF4007002080B584B000AF78600D
:10230400FFF7EEFFB8607B68FB60FB68B3F1FF3F4B
:1023140005D00A4B1B781A46FB681344FB6000BFC8
:10232400FFF7DEFF0246BB68D31AFA689A42F7D871
:1023340000BF00BF1037BD4680BD00BF08000020AD
:1023440080B485B000AF78607B6803F00703FB605E
:102354000C4BDB68BB60BA684FF6FF031340BB60ED
:10236400FB681A02BB68134343F0BF6343F40033B2
:10237400BB60044ABB68D36000BF1437BD465DF838
:10238400047B704700ED00E080B400AF044BDB68D1
:102394001B0A03F007031846BD465DF8047B70472B
:1023A40000ED00E080B483B000AF0346FB7197F901
:1023B4000730002B0BDBFB7903F01F02074997F969
:1023C40007305B09012000FA02F241F8232000BF24
:1023D4000C37BD465DF8047B704700BF00E100E0A8
:1023E40080B483B000AF03463960FB7197F90730BE
:1023F400002B0ADB3B68DAB20C4997F9073012016B
:10240400D2B20B4483F800230AE03B68DAB20849ED
:10241400FB7903F00F03043B1201D2B20B441A768A
:1024240000BF0C37BD465DF8047B704700E100E057
:1024340000ED00E080B489B000AFF860B9607A6064
:10244400FB6803F00703FB61FB69C3F10703042B7B
:1024540028BF0423BB61FB690433062B02D9FB6943
:10246400033B00E000237B614FF0FF32BB6902FABB
:1024740003F3DA43BB681A407B699A404FF0FF319B
:102484007B6901FA03F3D9437B680B401343184675
:102494002437BD465DF8047B704780B582B000AF39
:1024A40078607868FFF74CFF00BF0837BD4680BDF1
:1024B40080B586B000AF0346B9607A60FB73002331
:1024C4007B61FFF761FF78617A68B9687869FFF723
:1024D400B1FF024697F90F3011461846FFF780FF07
:1024E40000BF1837BD4680BD80B582B000AF03463B
:1024F400FB7197F907301846FFF754FF00BF083700
:10250400BD4680BD80B586B000AF786000237B6196
:10251400FFF7E6FE38617B68002B01D1012399E0C7
:102524007B68022283F835207B68002283F83420FC
:102534007B681B681A687B681B6822F001021A60BA
:102544000FE0FFF7CDFE02463B69D31A052B08D9ED
:102554007B6820225A657B68032283F83520032395
:1025640078E07B681B681B6803F00103002BE8D14B
:102574007B681B681B687B617A69384B13407B61FD
:102584007B685A687B689B681A437B68DB681A43DC
:102594007B681B691A437B685B691A437B689B6988
:1025A4001A437B68DB691A437B681B6A13437A69A5
:1025B40013437B617B685B6A042B07D17B68DA6A0F
:1025C4007B681B6B13437A6913437B617B681B68CD
:1025D4007A691A607B681B685B697B617B6923F09D
:1025E40007037B617B685B6A7A6913437B617B6861
:1025F4005B6A042B17D17B689B6A7A6913437B61FE
:102604007B68DB6A002B0ED0786800F001FB034680
:10261400002B08D07B6840225A657B68012283F82E
:102624003520012316E07B681B687A695A61786853
:1026340000F0B8FA0346FB607B68DB6D3F229A40EA
:10264400FB689A607B6800225A657B68012283F8E4
:102654003520002318461837BD4680BD3F8010F052
:1026640080B586B000AFF860B9607A603B60002343
:10267400FB75FB689B6D3B61FB6893F83430012B61
:1026840001D1022340E0FB68012283F83420FB6877
:1026940093F83530DBB2012B2FD1FB68022283F88B
:1026A4003520FB6800225A653B687A68B968F86887
:1026B40000F04AFAFB68DB6D3F229A403B699A605E
:1026C400FB681B681A68FB681B6842F016021A60F4
:1026D400FB681B6C002B07D0FB681B681A68FB683F
:1026E4001B6842F008021A60FB681B681A68FB68E2
:1026F4001B6842F001021A6005E0FB68002283F8BF
:1027040034200223FB75FB7D18461837BD4680BD77
:1027140080B584B000AF78607B689B6DFB60FFF789
:10272400DFFDB8607B6893F83530DBB2022B08D04C
:102734007B6880225A657B68002283F83420012359
:1027440052E07B681B681A687B681B6822F01602DB
:102754001A607B681B685A697B681B6822F08002D8
:102764005A617B681B6C002B03D17B689B6C002B2C
:1027740007D07B681B681A687B681B6822F0080214
:102784001A607B681B681A687B681B6822F0010268
:102794001A6013E0FFF7A4FD0246BB68D31A052BA9
:1027A4000CD97B6820225A657B68032283F8352084
:1027B4007B68002283F83420032315E07B681B68C0
:1027C4001B6803F00103002BE4D17B68DB6D3F221F
:1027D4009A40FB689A607B68012283F835207B6805
:1027E400002283F83420002318461037BD4680BDEC
:1027F40080B483B000AF78607B6893F83530DBB287
:10280400022B04D07B6880225A6501230CE07B688C
:10281400052283F835207B681B681A687B681B686F
:1028240022F001021A60002318460C37BD465DF8F9
:10283400047B704780B586B000AF78600023BB602E
:102844008E4B1B688E4AA2FB03239B0A7B617B6829
:102854009B6D3B613B691B68FB607B68DB6D0822F9
:102864009A40FB681340002B1AD07B681B681B68D6
:1028740003F00403002B13D07B681B681A687B6881
:102884001B6822F004021A607B68DB6D08229A4000
:102894003B699A607B685B6D43F001027B685A6513
:1028A4007B68DB6D01229A40FB681340002B12D039
:1028B4007B681B685B6903F08003002B0BD07B688B
:1028C400DB6D01229A403B699A607B685B6D43F043
:1028D40002027B685A657B68DB6D04229A40FB68C0
:1028E4001340002B12D07B681B681B6803F00203A3
:1028F400002B0BD07B68DB6D04229A403B699A6005
:102904007B685B6D43F004027B685A657B68DB6D12
:1029140010229A40FB681340002B43D07B681B684D
:102924001B6803F00803002B3CD07B68DB6D10228E
:102934009A403B699A607B681B681B6803F4802398
:10294400002B18D07B681B681B6803F40023002B42
:1029540008D17B681B6C002B24D07B681B6C7868C7
:1029640098471FE07B689B6C002B1BD07B689B6C9B
:102974007868984716E07B681B681B6803F48073CB
:10298400002B07D17B681B681A687B681B6822F0E0
:1029940008021A607B681B6C002B03D07B681B6CDD
:1029A400786898477B68DB6D20229A40FB68134067
:1029B400002B00F08F807B681B681B6803F01003FA
:1029C400002B00F087807B68DB6D20229A403B69F6
:1029D4009A607B6893F83530DBB2052B36D17B687F
:1029E4001B681A687B681B6822F016021A607B68F1
:1029F4001B685A697B681B6822F080025A617B68F5
:102A04001B6C002B03D17B689B6C002B07D07B686D
:102A14001B681A687B681B6822F008021A607B68CE
:102A2400DB6D3F229A403B699A607B68012283F800
:102A340035207B68002283F834207B681B6D002BD3
:102A44007ED07B681B6D7868984779E07B681B684B
:102A54001B6803F48023002B1DD07B681B681B6854
:102A640003F40023002B0DD17B685B6C002B31D069
:102A74007B685B6C786898472CE000BF00000020FE
:102A8400B5814E1B7B68DB6B002B23D07B68DB6B33
:102A9400786898471EE07B681B681B6803F48073A2
:102AA400002B0FD17B681B681A687B681B6822F0B7
:102AB40010021A607B68012283F835207B680022AB
:102AC40083F834207B68DB6B002B03D07B68DB6BE3
:102AD400786898477B685B6D002B32D07B685B6DB0
:102AE40003F00103002B22D07B68052283F83520F4
:102AF4007B681B681A687B681B6822F001021A60F5
:102B0400BB680133BB607A699A4207D37B681B6850
:102B14001B6803F00103002BF2D100E000BF7B68C7
:102B2400012283F835207B68002283F834207B68F7
:102B3400DB6C002B05D07B68DB6C7868984700E081
:102B440000BF1837BD4680BD80B485B000AFF860C3
:102B5400B9607A603B60FB681B681A68FB681B6895
:102B640022F480221A60FB681B683A685A60FB688A
:102B74009B68402B08D1FB681B687A689A60FB68E5
:102B84001B68BA68DA6007E0FB681B68BA689A6079
:102B9400FB681B687A68DA6000BF1437BD465DF8CD
:102BA400047B704780B485B000AF78607B681B6895
:102BB400DBB2103B144AA2FB03231B09FB60134A3C
:102BC400FB6813441B781A467B68DA65FB68032BA1
:102BD40009D97B681B6823F47F7323F003031A1D50
:102BE4007B689A6507E07B681B6823F47F7323F096
:102BF40003037A6893657B689B6D18461437BD465A
:102C04005DF8047B704700BFABAAAAAA94A500088C
:102C140080B485B000AF78600023FB737B689B6A47
:102C2400BB607B689B69002B1FD1BB68032B56D804
:102C340001A252F823F000BF4D2C00085F2C0008BD
:102C44004D2C0008E32C00087B68DB6A03F08073DA
:102C5400002B46D00123FB7343E07B68DB6AB3F1AE
:102C6400C07F40D10123FB733DE07B689B69B3F5D2
:102C7400005F21D1BB68032B37D801A252F823F09F
:102C8400952C00089B2C0008952C0008AD2C0008FE
:102C94000123FB7330E07B68DB6A03F08073002B55
:102CA40025D00123FB7322E07B68DB6AB3F1C07F8C
:102CB4001FD10123FB731CE0BB68022B03D9BB6843
:102CC400032B03D018E00123FB7315E07B68DB6A58
:102CD40003F08073002B0ED00123FB730BE000BFC5
:102CE4000AE000BF08E000BF06E000BF04E000BF48
:102CF40002E000BF00E000BFFB7B18461437BD466E
:102D04005DF8047B704700BF80B489B000AF786081
:102D1400396000237B6100233B610023BB610023F6
:102D2400FB6159E10122FB6902FA03F37B613B6811
:102D34001B687A6913403B613A697B699A4240F0A7
:102D440048813B685B6803F00303012B05D03B68B3
:102D54005B6803F00303022B30D17B689B68BB6183
:102D6400FB695B00032202FA03F3DB43BA691340F5
:102D7400BB613B68DA68FB695B0002FA03F3BA697A
:102D84001343BB617B68BA699A607B685B68BB610B
:102D94000122FB6902FA03F3DB43BA691340BB6106
:102DA4003B685B681B0903F00102FB6902FA03F349
:102DB400BA691343BB617B68BA695A603B685B6854
:102DC40003F00303032B17D07B68DB68BB61FB694B
:102DD4005B00032202FA03F3DB43BA691340BB61CD
:102DE4003B689A68FB695B0002FA03F3BA69134310
:102DF400BB617B68BA69DA603B685B6803F0030314
:102E0400022B23D1FB69DA087B68083253F822309D
:102E1400BB61FB6903F007039B000F2202FA03F373
:102E2400DB43BA691340BB613B681A69FB6903F071
:102E340007039B0002FA03F3BA691343BB61FB69FE
:102E4400DA087B680832B96943F822107B681B688A
:102E5400BB61FB695B00032202FA03F3DB43BA693B
:102E64001340BB613B685B6803F00302FB695B00D2
:102E740002FA03F3BA691343BB617B68BA691A6047
:102E84003B685B6803F44033002B00F0A28000230E
:102E9400FB60574B5B6C564A43F480435364544B7A
:102EA4005B6C03F48043FB60FB68524AFB699B083C
:102EB400023352F82330BB61FB6903F003039B0028
:102EC4000F2202FA03F3DB43BA691340BB617B6848
:102ED400494A934219D07B68484A934213D07B688D
:102EE400474A93420DD07B68464A934207D07B6899
:102EF400454A934201D1042308E0072306E0032353
:102F040004E0022302E0012300E00023FA6902F056
:102F1400030292009340BA691343BB613549FB69CC
:102F24009B080233BA6941F82320384B9B68BB6184
:102F34003B69DB43BA691340BB613B685B6803F4DC
:102F44008013002B03D0BA693B691343BB612F4A3A
:102F5400BB6993602D4BDB68BB613B69DB43BA699A
:102F64001340BB613B685B6803F40013002B03D080
:102F7400BA693B691343BB61244ABB69D360234BE1
:102F84005B68BB613B69DB43BA691340BB613B6867
:102F94005B6803F40033002B03D0BA693B69134325
:102FA400BB611A4ABB695360184B1B68BB613B6920
:102FB400DB43BA691340BB613B685B6803F480334D
:102FC400002B03D0BA693B691343BB610F4ABB6949
:102FD4001360FB690133FB61FB690F2B7FF6A2AE23
:102FE40000BF00BF2437BD465DF8047B704700BFB7
:102FF4000038024000380140000002400004024052
:1030040000080240000C024000100240003C014055
:1030140080B483B000AF78600B467B8013467B702E
:103024007B78002B03D07A887B689A6103E07B88E5
:103034001A047B689A6100BF0C37BD465DF8047BB7
:10304400704780B485B000AF78600B467B807B68A6
:103054005B69FB607A88FB6813401A04FB68D943F8
:103064007B880B401A437B689A6100BF1437BD46C6
:103074005DF8047B704780B584B000AF78607B68EE
:10308400002B01D1012336E07B681B684CF6CC424F
:103094001A607B681B6845F255521A607B681B688E
:1030A4007A6852685A607B681B687A6892689A608A
:1030B400FFF716F9F86011E0FFF712F90246FB6812
:1030C400D31A41F60102934208D97B681B68DB6876
:1030D40003F00303002B01D003230CE07B681B687F
:1030E400DB6803F00303002BE6D17B681B684AF618
:1030F400AA221A60002318461037BD4680BD80B44A
:1031040083B000AF78607B681B684AF6AA221A6015
:10311400002318460C37BD465DF8047B704780B524
:1031240086B002AF78607B68002B01D1012301E1F6
:103134007B681B68BB607B6893F89534DBB2002B1B
:1031440006D17B68002283F89424786806F064FE34
:103154007B68032283F89524BB68B3F1A04F02D1A6
:103164007B6800229A717B681B68184603F061FE35
:103174007B6818687B681A7C8DF8002004330ECBBA
:1031840003F040FD0346002B05D07B68022283F840
:1031940095240123CEE07B681B680021184603F0C8
:1031A40059FE0346002B05D07B68022283F8952440
:1031B4000123BFE00023FB734AE0FA7B79681346DE
:1031C400DB0013449B000B44153301221A70FA7B75
:1031D40079681346DB0013449B000B441433FA7BD9
:1031E4001A70FA7BFB7B98B279681346DB001344B0
:1031F4009B000B442E3302461A80FA7B79681346EF
:10320400DB0013449B000B44183300221A70FA7B32
:1032140079681346DB0013449B000B441C330022E3
:103224001A60FA7B79681346DB0013449B000B4455
:10323400203300221A60FA7B79681346DB001344BA
:103244009B000B44243300221A60FB7B0133FB7385
:103254007B681B79FA7B9A42AFD30023FB7344E06B
:10326400FA7B79681346DB0013449B000B4403F29A
:10327400552300221A70FA7B79681346DB00134445
:103284009B000B4403F51573FA7B1A70FA7B79687B
:103294001346DB0013449B000B4403F51673002212
:1032A4001A70FA7B79681346DB0013449B000B44C5
:1032B40003F5177300221A60FA7B79681346DB0062
:1032C40013449B000B4403F5187300221A60FA7B25
:1032D40079681346DB0013449B000B4403F5197310
:1032E40000221A60FB7B0133FB737B681B79FA7B3A
:1032F4009A42B5D37B6818687B681A7C8DF80020E5
:1033040004330ECB03F0F2FD0346002B05D07B689B
:10331400022283F8952401230CE07B6800225A746E
:103324007B68012283F895247B681B68184604F0A7
:103334003CFE002318461037BD4680BD80B584B0DE
:1033440000AF78607B681B68FB607B6893F89434FB
:10335400012B01D1022322E07B68012283F894240B
:10336400FB68DB6803F04003002B09D07B685B7BC0
:10337400012B05D1FB689B6B43F48032FB689A6395
:103384007B681B68184603F043FD7B681B6818467E
:1033940004F0EAFD7B68002283F894240023184695
:1033A4001037BD4680BD90B58DB000AF78607B68A6
:1033B4001B683B623B6AFB617B681B68184604F030
:1033C400A8FE0346002B40F08C847B681B681846DB
:1033D40004F00CFE0346002B00F08284FB6903F525
:1033E40000639B681B0AC3F30D027B68C3F8D424F3
:1033F4007B681B68184604F0F9FD034603F00203DA
:10340400022B07D17B681B685A697B681B6802F032
:1034140002025A617B681B68184604F0E7FD034604
:1034240003F01003102B61D17B681B689A697B68D9
:103434001B6822F010029A613B6A1B6ABB61BB697C
:1034440003F00F021346DB0013449B0003F51473CF
:103454007A68134404337B61BB6903F4F013B3F556
:10346400802F24D1BA6947F6F0731340002B35D06E
:103474007B69D968BB691B099BB2C3F30A039BB27E
:103484001A46386A04F01EFC7B69DA68BB691B09BA
:10349400C3F30A031A447B69DA607B695A69BB691E
:1034A4001B09C3F30A031A447B695A6116E0BB691A
:1034B40003F4F013B3F5402F10D17B6803F29C435F
:1034C40008221946386A04F0FDFB7B695A69BB6916
:1034D4001B09C3F30A031A447B695A617B681B689E
:1034E4009A697B681B6842F010029A617B681B68CA
:1034F400184604F07BFD034603F40023B3F5002FC4
:1035040040F0A78000237B627B681B68184604F0A8
:1035140080FDB86299E0BB6A03F00103002B00F060
:103524008E807B681B687A6AD2B21146184604F012
:10353400A4FD38613B6903F00103002B0CD07B6AC6
:103544005A01FB69134403F530631A46012393605F
:10355400796A786800F08CFE3B6903F00803002B5D
:103564000CD07B6A5A01FB69134403F530631A4695
:1035740008239360796A786800F062FF3B6903F07E
:103584001003002B08D07B6A5A01FB69134403F52E
:1035940030631A46102393603B6903F00203002B47
:1035A40030D03B6A5B6903F08003802B09D1FB694F
:1035B40003F500635B68FA6902F5006243F4806313
:1035C40053607A6A1346DB0013449B0003F51473BB
:1035D4007A68134404337B617B69DB78012B08D15F
:1035E4007B690022DA707B6ADBB21946786806F0E0
:1035F4000FFD7B6A5A01FB69134403F530631A46D5
:10360400022393603B6903F02003002B08D07B6AFC
:103614005A01FB69134403F530631A46202393606F
:103624003B6903F40053002B09D07B6A5A01FB6900
:10363400134403F530631A464FF4005393607B6AD6
:1036440001337B62BB6A5B08BB62BB6A002B7FF4FD
:1036540062AF7B681B68184604F0C8FC034603F499
:103664008023B3F5802F40F0DB807B681B6818460D
:1036740004F0E9FCB86200237B62CDE0BB6A03F08E
:103684000103002B00F0C2807B681B687A6AD2B207
:103694001146184604F00FFD38613B6903F001033D
:1036A400002B57D07B6A03F00F03012202FA03F3C5
:1036B400FB60FB6903F500635A6BFB68DB43F96944
:1036C40001F5006113404B637B6A5A01FB691344A3
:1036D40003F510631A46012393607B689B79012BE1
:1036E40032D179687A6A1346DB0013449B000B4499
:1036F4002033196878687A6A1346DB0013449B0008
:1037040003441C331B68194478687A6A1346DB0047
:1037140013449B000344203319607B6A002B13D1AC
:1037240079687A6A1346DB0013449B000B44243304
:103734001B68002B08D17B6818687B6803F29C43E4
:103744001A46012104F016FD7B6ADBB2194678683B
:1037540006F0E3FB3B6903F00803002B08D07B6A07
:103764005A01FB69134403F510631A460823936056
:103774003B6903F01003002B08D07B6A5A01FB69F4
:10378400134403F510631A46102393603B6903F056
:103794004003002B08D07B6A5A01FB69134403F5EC
:1037A40010631A46402393603B6903F00203002B25
:1037B40023D0796A386A03F0FDFC7A6A1346DB0089
:1037C40013449B0010337A68134404337B617B6990
:1037D400DB78012B08D17B690022DA707B6ADBB2CB
:1037E4001946786806F026FC7B6A5A01FB69134483
:1037F40003F510631A46022393603B6903F08003C8
:10380400002B03D0796A786800F0A5FC7B6A013349
:103814007B62BB6A5B08BB62BB6A002B7FF42EAF82
:103824007B681B68184604F0E1FB034603F0004381
:10383400B3F1004F22D1FB6903F500635B68FA69B9
:1038440002F5006223F0010353607B6893F8CC34E3
:10385400012B08D17B68002283F8CC2400217868EE
:1038640000F08CFE02E0786806F0C4FB7B681B68FD
:103874005A697B681B6802F000425A617B681B68C6
:10388400184604F0B3FB034603F40063B3F5006F7A
:1038940012D1FB6903F500639B6803F00103012B5C
:1038A40002D1786806F080FB7B681B685A697B68E4
:1038B4001B6802F400625A617B681B68184604F0B6
:1038C40095FB034603F48053B3F5805F40F0B78063
:1038D400FB6903F500635B68FA6902F5006223F093
:1038E400010353607B681B681021184603F062FCD7
:1038F4000023FB6246E0FB6A5A01FB69134403F5AB
:1039040010631A464FF67F339360FB6A5A01FB69D2
:10391400134403F510631B68FA6A5101FA690A44F7
:1039240002F5106223F400131360FB6A5A01FB6969
:10393400134403F530631A464FF67F339360FB6AF2
:103944005A01FB69134403F530631B68FA6A510199
:10395400FA690A4402F5306223F400131360FB6A27
:103964005A01FB69134403F530631B68FA6A510179
:10397400FA690A4402F5306243F000631360FB6A9B
:103984000133FB627B681B791A46FB6A9342B2D30C
:10399400FB6903F50063DB69FA6902F5006243F031
:1039A4000113D3617B68DB7B002B16D0FB6903F525
:1039B4000063D3F88430FA6902F5006243F00B0324
:1039C400C2F88430FB6903F500635B6CFA6902F5A5
:1039D400006243F00B03536415E0FB6903F50063D5
:1039E4005B69FA6902F5006243F4005343F02B0368
:1039F4005361FB6903F500631B69FA6902F5006210
:103A040043F00B031361FB6903F500631B68FA6958
:103A140002F5006223F4FE6313607B6818687B6818
:103A240099797B6803F29C431A4604F0A3FB7B68F4
:103A34001B685A697B681B6802F480525A617B6870
:103A44001B68184604F0D2FA034603F40053B3F596
:103A5400005F23D17B681B68184604F068FB7B6811
:103A64001B68184603F01FFC03461A467B68DA718C
:103A74007B681C6801F0B2F901467B68DB791A4661
:103A8400204603F023F9786806F06FFA7B681B6818
:103A94005A697B681B6802F400525A617B681B6890
:103AA400184604F0A3FA034603F00803082B0AD1CE
:103AB400786806F04CFA7B681B685A697B681B6857
:103AC40002F008025A617B681B68184604F08EFAFB
:103AD400034603F08003802B23D13B6A9B6923F0C8
:103AE40080023B6A9A6101237B6214E079687A6AF6
:103AF4001346DB0013449B000B4403F257231B784B
:103B0400012B05D17B6ADBB21946786800F0F2FA22
:103B14007B6A01337B627B681B791A467B6A93421A
:103B2400E4D37B681B68184604F060FA034603F488
:103B34008013B3F5801F3CD101237B622BE07B6AA9
:103B44005A01FB69134403F510631B68BB61796870
:103B54007A6A1346DB0013449B000B4418331B782A
:103B6400012B15D1BB69002B12DA79687A6A1346E6
:103B7400DB0013449B000B44173301221A707B6A49
:103B8400DBB263F07F03DBB21946786800F0B2FA67
:103B94007B6A01337B627B681B791A467B6A93429A
:103BA400CDD37B681B685A697B681B6802F480125A
:103BB4005A617B681B68184604F018FA034603F43C
:103BC4000013B3F5001F56D101237B6245E07B6AE5
:103BD4005A01FB69134403F530631B68BB617968C0
:103BE4007A6A1346DB0013449B000B4403F51673F7
:103BF4001B78012B2ED1BB69002B2BDABB691A0C65
:103C04007B68D3F8D434534003F00103002B21D153
:103C140079687A6A1346DB0013449B000B4403F271
:103C2400572301221A703B6A9B6943F080023B6A66
:103C34009A613B6A5B6903F08003002B0AD1FB693C
:103C440003F500635B68FA6902F5006243F40073EC
:103C5400536008E07B6A01337B627B681B791A46F8
:103C64007B6A9342B3D37B681B685A697B681B6881
:103C740002F400125A617B681B68184604F0B6F916
:103C8400034603F08043B3F1804F0AD1786806F00D
:103C9400E3F97B681B685A697B681B6802F0804201
:103CA4005A617B681B68184604F0A0F9034603F0C8
:103CB4000403042B15D17B681B685B68BB61BB697B
:103CC40003F00403002B02D0786806F0D3F97B6874
:103CD4001B6859687B681B68BA690A435A6000E02C
:103CE40000BF3437BD4690BD80B582B000AF786068
:103CF4000B46FB707B6893F89434012B01D10223AB
:103D040012E07B68012283F894247B68FA785A7461
:103D14007B681B68FA781146184604F0FFF87B6844
:103D2400002283F89424002318460837BD4680BD3A
:103D340080B584B000AF7860084611461A46034641
:103D4400FB700B463B801346BB700023FB7297F954
:103D54000330002B0FDAFB7803F00F021346DB006D
:103D640013449B0010337A6813440433FB60FB68EC
:103D740001225A700FE0FB7803F00F021346DB00B8
:103D840013449B0003F514737A6813440433FB60F3
:103D9400FB6800225A70FB7803F00F03DAB2FB6869
:103DA4001A703B88C3F30A02FB689A60FB68BA780E
:103DB4001A71FB685B78002B04D0FB681B781A46E9
:103DC400FB685A83BB78022B02D1FB6800225A712C
:103DD4007B6893F89434012B01D102230EE07B68B5
:103DE400012283F894247B681B68F968184603F061
:103DF4007FFA7B68002283F89424FB7A18461037F4
:103E0400BD4680BD80B584B000AF78600B46FB70C2
:103E140097F90330002B0FDAFB7803F00F021346F7
:103E2400DB0013449B0010337A6813440433FB60B3
:103E3400FB6801225A700FE0FB7803F00F0213466F
:103E4400DB0013449B0003F514737A6813440433B2
:103E5400FB60FB6800225A70FB7803F00F03DAB2B0
:103E6400FB681A707B6893F89434012B01D1022308
:103E74000EE07B68012283F894247B681B68F96850
:103E8400184603F0BDFA7B68002283F894240023CB
:103E940018461037BD4680BD80B586B000AFF860C7
:103EA4007A603B600B46FB72FB7A03F00F02134609
:103EB400DB0013449B0003F51473FA6813440433C2
:103EC4007B617B697A68DA607B693A681A617B692D
:103ED40000225A617B6900225A70FB7A03F00F03B7
:103EE400DAB27B691A70FB689B79012B02D17A687C
:103EF4007B69DA61FB681868FB689B791A46796903
:103F040003F05AFB002318461837BD4680BD80B520
:103F140086B000AFF8607A603B600B46FB72FB7AB8
:103F240003F00F021346DB0013449B001033FA68BE
:103F3400134404337B617B697A68DA607B693A688D
:103F44001A617B6900225A617B6901225A70FB7AEB
:103F540003F00F03DAB27B691A70FB689B79012BBB
:103F640002D17A687B69DA61FB681868FB689B791F
:103F74001A46796903F020FB002318461837BD461A
:103F840080BD80B584B000AF78600B46FB70FB78D1
:103F940003F00F037A681279934201D901234FE0A9
:103FA40097F90330002B0FDAFB7803F00F02134666
:103FB400DB0013449B0010337A6813440433FB6022
:103FC400FB6801225A700DE0FA781346DB001344B3
:103FD4009B0003F514737A6813440433FB60FB6895
:103FE40000225A70FB6801229A70FB7803F00F03D9
:103FF400DAB2FB681A707B6893F89434012B01D110
:1040040002231DE07B68012283F894247B681B68EB
:10401400F968184603F0AEFEFB7803F00F03002B9B
:1040240009D17B6818687B6899797B6803F29C43A3
:104034001A4604F09FF87B68002283F89424002336
:1040440018461037BD4680BD80B584B000AF786097
:104054000B46FB70FB7803F00F037A6812799342E6
:1040640001D9012342E097F90330002B0FDAFB78E2
:1040740003F00F021346DB0013449B0010337A68ED
:1040840013440433FB60FB6801225A700FE0FB7891
:1040940003F00F021346DB0013449B0003F5147373
:1040A4007A6813440433FB60FB6800225A70FB688F
:1040B40000229A70FB7803F00F03DAB2FB681A70DF
:1040C4007B6893F89434012B01D102230EE07B68C2
:1040D400012283F894247B681B68F968184603F06E
:1040E400B7FE7B68002283F8942400231846103717
:1040F400BD4680BD80B584B000AF78600B46FB70D0
:1041040097F90330002B0CDAFB7803F00F02134607
:10411400DB0013449B0010337A6813440433FB60C0
:104124000CE0FB7803F00F021346DB0013449B0002
:1041340003F514737A6813440433FB607B681B68CB
:10414400F968184603F0D6FC0346FB72FB7A18465E
:104154001037BD4680BD80B58AB002AF7860396043
:104164007B681B687B617B693B613A681346DB00B3
:1041740013449B0010337A6813440433FB60FB68D8
:104184005A69FB681B699A4201D901236BE0FB68F9
:104194001A69FB685B69D31AFB61FB689B68FA695F
:1041A4009A4202D9FB689B68FB61FB6903339B0855
:1041B400BB612AE0FB681A69FB685B69D31AFB617F
:1041C400FB689B68FA699A4202D9FB689B68FB61A9
:1041D400FB6903339B08BB61FB68D9683B68DAB2AF
:1041E400FB6998B27B689B7900930346786903F076
:1041F4002BFDFB68DA68FB691A44FB68DA60FB682C
:104204005A69FB691A44FB685A613B685A013B6965
:10421400134403F510639B699BB2BA699A4209D8A7
:10422400FB685A69FB681B699A4203D2FB681B69E5
:10423400002BBFD1FB681A69FB685B699A4211D8ED
:104244003B6803F00F03012202FA03F3BB603B69EE
:1042540003F500635A6BBB68DB43396901F5006100
:1042640013404B63002318462037BD4680BD000031
:1042740080B588B000AF786039607B681B68FB61EB
:10428400FB69BB61FB693C3304331B687B613B689E
:104294005A01BB69134403F530639B683B617B6837
:1042A4009B79012B7BD13B6903F00803002B15D0CC
:1042B4007B69614A934240F2B9803B6903F400434D
:1042C400002B00F0B3803B685A01BB69134403F52B
:1042D40030631A464FF400439360A7E03B6903F050
:1042E4002003002B09D03B685A01BB69134403F532
:1042F40030631A462023936098E03B6903F0280357
:10430400002B40F093807B694B4A93420FD93B6961
:1043140003F40043002B0AD03B685A01BB691344E1
:1043240003F530631A464FF4004393607EE03A6825
:104334001346DB0013449B0003F514737A6813449B
:104344000433FB60FB681A6A3B685901BB690B4480
:1043540003F530631B69C3F31203D21AFB685A6175
:104364003B68002B14D1FB681B69002B09D17B68C7
:1043740018687B6803F29C431A46012103F0FAFE95
:1043840006E0FB68DA68FB685B691A44FB68DA607C
:104394003B68DBB21946786805F0A4FD46E07B690A
:1043A400264A934224D13B6903F40043002B0AD0EC
:1043B4003B685A01BB69134403F530631A464FF452
:1043C4000043936032E03B6903F02003002B08D0E4
:1043D4003B685A01BB69134403F530631A46202332
:1043E40093603B68DBB21946786805F07BFD1DE0FD
:1043F4003B68002B14D179683A681346DB001344F8
:104404009B000B4403F519731B68002B08D17B68D0
:1044140018687B6803F29C431A46002103F0AAFE45
:104424003B68DBB21946786805F05CFD002318464A
:104434002037BD4680BD00BF0A30544F0A31544F67
:1044440080B586B000AF786039607B681B687B619B
:104454007B693B617B693C3304331B68FB603B68CD
:104464005A013B69134403F530639B68BB60FB68E6
:10447400154A93420ED9BB6803F40043002B09D0BC
:104484003B685A013B69134403F530631A464FF401
:1044940000439360786805F013FDFB680A4A934271
:1044A4000CD97B689B79012B08D17B6818687B68E1
:1044B40003F29C431A46012103F05CFE00231846D4
:1044C4001837BD4680BD00BF0A30544F80B485B054
:1044D40000AF78600B46FB7013463B807B681B681B
:1044E4005B6ABB60FB78002B07D13B8819047B68AF
:1044F4001B68BA680A439A6228E07B681B689B6A57
:104504001B0CBA681344BB600023FB730DE07B688B
:104514001A68FB7B40339B0013445B681B0CBA682E
:104524001344BB60FB7B0133FB73FA7BFB78013BD9
:104534009A42ECD33B8818047B681968FB78013BEA
:10454400BA68024340339B000B445A600023184668
:104554001437BD465DF8047B704780B483B000AF68
:1045640078600B467B807B681B687A885A620023DC
:1045740018460C37BD465DF8047B704780B483B0A1
:1045840000AF78600B46FB7000BF0C37BD465DF88A
:10459400047B704780B586B000AF78607B68002BE1
:1045A40001D1012367E27B681B6803F00103002B40
:1045B40075D0884B9B6803F00C03042B0CD0854BFF
:1045C4009B6803F00C03082B12D1824B5B6803F445
:1045D4008003B3F5800F0BD17E4B1B6803F40033CB
:1045E400002B5BD07B685B68002B57D1012342E230
:1045F4007B685B68B3F5803F06D1764B1B68754AD0
:1046040043F4803313601DE07B685B68B3F5A02F2F
:104614000CD1704B1B686F4A43F4802313606D4BBD
:104624001B686C4A43F4803313600BE0694B1B68CE
:10463400684A23F480331360664B1B68654A23F48D
:10464400802313607B685B68002B13D0FDF748FE62
:10465400386108E0FDF744FE02463B69D31A642B37
:1046640001D9032307E25B4B1B6803F40033002BDF
:10467400F0D014E0FDF734FE386108E0FDF730FEB9
:1046840002463B69D31A642B01D90323F3E1514B4E
:104694001B6803F40033002BF0D100E000BF7B68FB
:1046A4001B6803F00203002B63D04A4B9B6803F0A2
:1046B4000C03002B0BD0474B9B6803F00C03082B17
:1046C4001CD1444B5B6803F48003002B16D1414B8F
:1046D4001B6803F00203002B05D07B68DB68012B09
:1046E40001D00123C7E13B4B1B6823F0F8027B6830
:1046F4001B69DB00374913430B603AE07B68DB68D6
:10470400002B20D0344B01221A60FDF7E9FD3861FB
:1047140008E0FDF7E5FD02463B69D31A022B01D9F7
:104724000323A8E12B4B1B6803F00203002BF0D0FA
:10473400284B1B6823F0F8027B681B69DB002549C2
:1047440013430B6015E0244B00221A60FDF7C8FDEB
:10475400386108E0FDF7C4FD02463B69D31A022B19
:1047640001D9032387E11B4B1B6803F00203002BD1
:10477400F0D17B681B6803F00803002B36D07B68FC
:104784005B69002B16D0154B01221A60FDF7A8FDBA
:10479400386108E0FDF7A4FD02463B69D31A022BF9
:1047A40001D9032367E10B4B5B6F03F00203002B7A
:1047B400F0D01BE0094B00221A60FDF791FD38612F
:1047C4000EE0FDF78DFD02463B69D31A022B07D993
:1047D400032350E10038024000004742800E474264
:1047E400884B5B6F03F00203002BEAD17B681B68E4
:1047F40003F00403002B00F097800023FB75814B2A
:104804001B6C03F08053002B0FD10023BB607D4B46
:104814001B6C7C4A43F0805313647A4B1B6C03F08B
:104824008053BB60BB680123FB75774B1B6803F4A3
:104834008073002B18D1744B1B68734A43F4807344
:104844001360FDF74DFD386108E0FDF749FD0246B0
:104854003B69D31A022B01D903230CE16A4B1B6871
:1048640003F48073002BF0D07B689B68012B06D186
:10487400644B1B6F634A43F0010313671CE07B68BE
:104884009B68052B0CD15F4B1B6F5E4A43F00403FE
:1048940013675C4B1B6F5B4A43F0010313670BE028
:1048A400584B1B6F574A23F001031367554B1B6F7B
:1048B400544A23F0040313677B689B68002B15D0CC
:1048C400FDF70EFD38610AE0FDF70AFD02463B697B
:1048D400D31A41F28832934201D90323CBE0494BE6
:1048E4001B6F03F00203002BEED014E0FDF7F8FC7D
:1048F40038610AE0FDF7F4FC02463B69D31A41F241
:104904008832934201D90323B5E03E4B1B6F03F079
:104914000203002BEED1FB7D012B05D1394B1B6C1F
:10492400384A23F0805313647B689B69002B00F0A2
:10493400A180344B9B6803F00C03082B5CD07B688C
:104944009B69022B41D1314B00221A60FDF7C8FC50
:10495400386108E0FDF7C4FC02463B69D31A022B18
:1049640001D9032387E0274B1B6803F00073002B56
:10497400F0D17B68DA697B681B6A1A437B685B6ADF
:104984009B011A437B689B6A5B08013B1B041A4327
:104994007B68DB6A1B061B4913434B601B4B0122DC
:1049A4001A60FDF79DFC386108E0FDF799FC0246AA
:1049B4003B69D31A022B01D903235CE0114B1B681A
:1049C40003F00073002BF0D054E0104B00221A6067
:1049D400FDF786FC386108E0FDF782FC02463B697E
:1049E400D31A022B01D9032345E0064B1B6803F0BD
:1049F4000073002BF0D13DE07B689B69012B07D14C
:104A0400012338E000380240007000406000474253
:104A14001B4B5B68FB607B689B69012B28D0FB68A0
:104A240003F480027B68DB699A4221D1FB6803F0BE
:104A34003F027B681B6A9A421AD1FA6847F6C07330
:104A440013407A68526A9201934211D1FB6803F4CD
:104A540040327B689B6A5B08013B1B049A4207D186
:104A6400FB6803F070627B68DB6A1B069A4201D024
:104A7400012300E0002318461837BD4680BD00BF5F
:104A84000038024080B584B000AF786039607B683C
:104A9400002B01D10123CCE0684B1B6803F0070312
:104AA4003A689A420CD9654B3A68D2B21A70634B91
:104AB4001B6803F007033A689A4201D00123B8E067
:104AC4007B681B6803F00203002B20D07B681B6803
:104AD40003F00403002B05D0594B9B68584A43F458
:104AE400E05393607B681B6803F00803002B05D038
:104AF400534B9B68524A43F460439360504B9B680A
:104B040023F0F0027B689B684D4913438B607B68FC
:104B14001B6803F00103002B44D07B685B68012B06
:104B240007D1474B1B6803F40033002B19D1012331
:104B34007FE07B685B68022B03D07B685B68032B98
:104B440007D13F4B1B6803F00073002B09D10123ED
:104B54006FE03B4B1B6803F00203002B01D10123E0
:104B640067E0374B9B6823F003027B685B6834493A
:104B740013438B60FDF7B4FBF8600AE0FDF7B0FB6C
:104B84000246FB68D31A41F28832934201D90323C7
:104B94004FE02B4B9B6803F00C027B685B689B0027
:104BA4009A42EBD1254B1B6803F007033A689A42FB
:104BB4000CD2224B3A68D2B21A70204B1B6803F015
:104BC40007033A689A4201D0012332E07B681B68EC
:104BD40003F00403002B08D0194B9B6823F4E05224
:104BE4007B68DB68164913438B607B681B6803F0A2
:104BF4000803002B09D0124B9B6823F460427B68A6
:104C04001B69DB000E4913438B6000F021F8024658
:104C14000B4B9B681B0903F00F030A49CB5C22FA78
:104C240003F3094A1360094B1B681846FDF7AAF8F9
:104C3400002318461037BD4680BD00BF003C02402B
:104C4400003802407CA50008000000200400002079
:104C54002DE9B04F90B000AF00237B630023FB63CA
:104C640000233B630023BB63594B9B6803F00C0395
:104C7400082B0DD0082B00F2A180002B02D0042BAE
:104C840003D09BE0534BBB639BE0534BBB6398E067
:104C94004F4B5B6803F03F037B634D4B5B6803F44E
:104CA4008003002B28D04A4B5B689B0900223B629F
:104CB4007A623B6AC3F308000021474B03FB01F20D
:104CC400002300FB03F31344434AA0FB0212FA62DD
:104CD4000A46BA62FA6A1344FB627B6B0022BB6128
:104CE400FA61D7E90623D7E90A01FBF771FA02460C
:104CF4000B461346FB6353E0354B5B689B0900226C
:104D04003B617A613B69C3F3080A4FF0000B5246DA
:104D14005B464FF000004FF00001590141EAD261B7
:104D2400500102460B46B2EB0A0863EB0B094FF045
:104D340000024FF000034FEA891343EA98634FEAF5
:104D44008812B2EB080463EB09054FF000024FF040
:104D54000003EB0043EA5473E20014461D4614EBCF
:104D64000A033B6045EB0B037B604FF000024FF0FE
:104D74000003D7E9004529468B02214643EA9153B3
:104D840021468A02104619467B6B0022BB60FA60FA
:104D9400D7E90223FBF71CFA02460B461346FB63D2
:104DA4000B4B5B681B0C03F0030301335B003B6399
:104DB400FA6B3B6BB2FBF3F3BB6302E0054BBB63E3
:104DC40000BFBB6B18464037BD46BDE8B08F00BF7F
:104DD400003802400024F40040787D0180B400AF24
:104DE400034B1B681846BD465DF8047B704700BF43
:104DF4000000002080B500AFFFF7F0FF0246054B2E
:104E04009B689B0A03F007030349CB5C22FA03F374
:104E1400184680BD003802408CA5000880B500AF5C
:104E2400FFF7DCFF0246054B9B685B0B03F00703AF
:104E34000349CB5C22FA03F3184680BD00380240D4
:104E44008CA5000880B483B000AF786039607B68BB
:104E54000F221A60124B9B6803F003027B685A60AE
:104E64000F4B9B6803F0F0027B689A600C4B9B68C5
:104E740003F4E0527B68DA60094B9B68DB0803F4B7
:104E8400E0527B681A61074B1B6803F007023B681A
:104E94001A6000BF0C37BD465DF8047B704700BF45
:104EA40000380240003C024080B582B000AF786018
:104EB4007B68002B01D1012341E07B6893F83D30EE
:104EC400DBB2002B06D17B68002283F83C20786893
:104ED400FDF79EF87B68022283F83D207B681A6800
:104EE4007B6804331946104600F070FA7B6801228F
:104EF40083F846207B68012283F83E207B680122E8
:104F040083F83F207B68012283F840207B680122DC
:104F140083F841207B68012283F842207B680122C8
:104F240083F843207B68012283F844207B680122B4
:104F340083F845207B68012283F83D20002318462E
:104F44000837BD4680BD000080B485B000AF7860EE
:104F54007B6893F83D30DBB2012B01D0012344E0A0
:104F64007B68022283F83D207B681B68DA687B68D3
:104F74001B6842F00102DA607B681B681E4A934298
:104F840018D07B681B68B3F1804F13D07B681B6813
:104F94001A4A93420ED07B681B68194A934209D07F
:104FA4007B681B68174A934204D07B681B68164AC7
:104FB400934211D17B681B689B6803F00703FB6075
:104FC400FB68062B10D07B681B681A687B681B681B
:104FD40042F001021A6007E07B681B681A687B686C
:104FE4001B6842F001021A60002318461437BD46BC
:104FF4005DF8047B704700BF0000014000040040DE
:1050040000080040000C00400040014080B584B01E
:1050140000AF78607B681B68DB68FB607B681B689B
:105024001B69BB60BB6803F00203002B20D0FB6844
:1050340003F00203002B1BD07B681B686FF0020295
:105044001A617B6801221A777B681B689B6903F0ED
:105054000303002B03D0786800F099F905E0786821
:1050640000F08BF9786800F09CF97B6800221A77CD
:10507400BB6803F00403002B20D0FB6803F0040397
:10508400002B1BD07B681B686FF004021A617B68DD
:1050940002221A777B681B689B6903F44073002B18
:1050A40003D0786800F073F905E0786800F065F9DA
:1050B400786800F076F97B6800221A77BB6803F001
:1050C4000803002B20D0FB6803F00803002B1BD03F
:1050D4007B681B686FF008021A617B6804221A77E8
:1050E4007B681B68DB6903F00303002B03D078683B
:1050F40000F04DF905E0786800F03FF9786800F0B9
:1051040050F97B6800221A77BB6803F01003002B68
:1051140020D0FB6803F01003002B1BD07B681B68B6
:105124006FF010021A617B6808221A777B681B688B
:10513400DB6903F44073002B03D0786800F027F98F
:1051440005E0786800F019F9786800F02AF97B68BE
:1051540000221A77BB6803F00103002B0CD0FB6814
:1051640003F00103002B07D07B681B686FF001027A
:105174001A617868FBF740FFBB6803F08003002BDB
:105184000CD0FB6803F08003002B07D07B681B68FE
:105194006FF080021A61786800F0B0FABB6803F01F
:1051A4004003002B0CD0FB6803F04003002B07D016
:1051B4007B681B686FF040021A61786800F0FBF8A6
:1051C400BB6803F02003002B0CD0FB6803F0200322
:1051D400002B07D07B681B686FF020021A61786887
:1051E40000F082FA00BF1037BD4680BD80B584B0A0
:1051F40000AF786039600023FB737B6893F83C3020
:10520400012B01D10223B4E07B68012283F83C2006
:105214007B68022283F83D207B681B689B68BB6027
:10522400BB6823F07703BB60BB6823F47F43BB6098
:105234007B681B68BA689A603B681B68B3F5005FBB
:105244003ED0B3F5005F00F28780B3F5805F00F0D5
:105254008680B3F5805F7FD8702B1AD0702B7BD8F3
:10526400602B50D0602B77D8502B3CD0502B73D868
:10527400402B58D0402B6FD8302B64D0302B6BD8B8
:10528400202B60D0202B67D8002B5CD0102B5AD059
:1052940062E07B6818683B6899683B685A683B68B9
:1052A400DB6800F093F97B681B689B68BB60BB6894
:1052B40043F07703BB607B681B68BA689A604FE071
:1052C4007B6818683B6899683B685A683B68DB6888
:1052D40000F07CF97B681B689A687B681B6842F461
:1052E40080429A603CE07B6818683B6859683B6878
:1052F400DB681A4600F0F0F87B681B6850211846FA
:1053040000F049F92CE07B6818683B6859683B68F1
:10531400DB681A4600F00FF97B681B6860211846A9
:1053240000F039F91CE07B6818683B6859683B68F1
:10533400DB681A4600F0D0F87B681B6840211846E9
:1053440000F029F90CE07B681A683B681B68194671
:10535400104600F020F903E00123FB7300E000BFD6
:105364007B68012283F83D207B68002283F83C207F
:10537400FB7B18461037BD4680BD80B483B000AFB8
:10538400786000BF0C37BD465DF8047B704780B47D
:1053940083B000AF786000BF0C37BD465DF8047B76
:1053A400704780B483B000AF786000BF0C37BD464F
:1053B4005DF8047B704780B483B000AF786000BFB1
:1053C4000C37BD465DF8047B7047000080B485B09F
:1053D40000AF786039607B681B68FB607B68374A84
:1053E40093420FD07B68B3F1804F0BD07B68344A73
:1053F400934207D07B68334A934203D07B68324A96
:10540400934208D1FB6823F07003FB603B685B6840
:10541400FA681343FB607B68284A93421BD07B687D
:10542400B3F1804F17D07B68254A934213D07B6831
:10543400244A93420FD07B68234A93420BD07B6863
:10544400224A934207D07B68214A934203D07B6867
:10545400204A934208D1FB6823F44073FB603B6805
:10546400DB68FA681343FB60FB6823F080023B6847
:105474005B691343FB603B689A687B68DA623B684C
:105484001A687B689A627B680C4A934203D13B6832
:105494001A697B681A637B681B6843F004027B68A3
:1054A4001A607B6801225A617B68FA681A6000BF3F
:1054B4001437BD465DF8047B704700BF000001400F
:1054C4000004004000080040000C0040004001407F
:1054D400004401400048014080B487B000AFF86048
:1054E400B9607A60FB681B6A7B61FB681B6A23F006
:1054F4000102FB681A62FB689B693B613B6923F00C
:10550400F0033B617B681B013A6913433B617B6990
:1055140023F00A037B617A69BB6813437B61FB68F0
:105524003A699A61FB687A691A6200BF1C37BD4602
:105534005DF8047B704780B487B000AFF860B96051
:105544007A60FB681B6A7B61FB681B6A23F01002AC
:10555400FB681A62FB689B693B613B6923F47043F7
:105564003B617B681B033A6913433B617B6923F00E
:10557400A0037B61BB681B017A6913437B61FB68F1
:105584003A699A61FB687A691A6200BF1C37BD46A2
:105594005DF8047B704780B485B000AF78603960F3
:1055A4007B689B68FB60FB6823F07003FB603A68D0
:1055B400FB68134343F00703FB607B68FA689A6057
:1055C40000BF1437BD465DF8047B704780B487B0D4
:1055D40000AFF860B9607A603B60FB689B687B61F0
:1055E4007B6923F47F437B613B681A027B681A431F
:1055F400BB6813437A6913437B61FB687A699A60D9
:1056040000BF1C37BD465DF8047B704780B485B08D
:1056140000AF786039607B6893F83C30012B01D18E
:10562400022350E07B68012283F83C207B6802223D
:1056340083F83D207B681B685B68FB607B681B68A4
:105644009B68BB60FB6823F07003FB603B681B68CE
:10565400FA681343FB607B681B68FA685A607B68CE
:105664001B681C4A934218D07B681B68B3F1804FB7
:1056740013D07B681B68184A93420ED07B681B6862
:10568400164A934209D07B681B68154A934204D09A
:105694007B681B68134A93420CD1BB6823F08003D8
:1056A400BB603B685B68BA681343BB607B681B687C
:1056B400BA689A607B68012283F83D207B680022E7
:1056C40083F83C20002318461437BD465DF8047B5C
:1056D400704700BF00000140000400400008004083
:1056E400000C00400040014080B483B000AF7860FB
:1056F40000BF0C37BD465DF8047B704780B483B0AF
:1057040000AF786000BF0C37BD465DF8047B70477E
:1057140080B582B000AF78607B68002B01D1012393
:1057240042E07B6893F84130DBB2002B06D17B6802
:10573400002283F840207868FCF7BAFC7B682422B6
:1057440083F841207B681B68DA687B681B6822F455
:105754000052DA60786800F0E1FF7B681B681A6920
:105764007B681B6822F490421A617B681B685A6943
:105774007B681B6822F02A025A617B681B68DA681E
:105784007B681B6842F40052DA607B6800225A642A
:105794007B68202283F841207B68202283F8422002
:1057A4007B6800225A63002318460837BD4680BD33
:1057B40080B58CB000AFF860B9601346FB80FB681D
:1057C40093F84130DBB2202B62D1BB68002B02D0AE
:1057D400FB88002B01D101235BE0BA68FB681A62E5
:1057E400FB68FA889A84FB68FA88DA84FB680022EA
:1057F4005A64FB68212283F84120FB689B6B274A8B
:10580400DA63FB689B6B264A1A64FB689B6B254A28
:10581400DA64FB689B6B00221A6507F10803FB62DC
:10582400FB68986BFB6A1968FB681B6804331A46AB
:10583400FB88FCF715FF0346002B08D0FB681022F9
:105844005A64FB68202283F84120012321E0FB688D
:105854001B686FF040021A60FB681B681433BB615D
:10586400BB6953E8003F7B617B6943F08003BB6203
:10587400FB681B681433BA6A7A623B62396A7A6AD3
:1058840041E80023FB61FB69002BE5D1002300E024
:10589400022318463037BD4680BD00BF9D5F000817
:1058A40037600008BB61000880B584B000AFF860C1
:1058B400B9601346FB80FB6893F84230DBB2202BBF
:1058C40012D1BB68002B02D0FB88002B01D101232D
:1058D4000BE0FB6800221A63FB881A46B968F86873
:1058E40000F0B4FC034600E0022318461037BD461E
:1058F40080BD80B590B000AF78600023FB637B6807
:105904001B685B6903F08003802B0CBF0123002319
:10591400DBB2FB637B6893F84130DBB2212B28D1E7
:10592400FB6B002B25D07B681B6814337B627B6A7E
:1059340053E8003F3B623B6A23F08003BB637B6810
:105944001B681433BA6B3A63FB62F96A3A6B41E839
:105954000023BB62BB6A002BE5D17B689B6B002BE9
:1059640004D07B689B6B1846FCF7D2FE786800F085
:1059740013FD7B681B685B6903F04003402B0CBF7D
:1059840001230023DBB2FB637B6893F84230DBB274
:10599400222B28D1FB6B002B25D07B681B6814338A
:1059A4003B613B6953E8003FFB60FB6823F0400325
:1059B4007B637B681B6814337A6BFA61BB61B969DA
:1059C400FA6941E800237B617B69002BE5D17B68A0
:1059D400DB6B002B04D07B68DB6B1846FCF798FE6E
:1059E400786800F001FD002318464037BD4680BDAD
:1059F40080B5BAB000AF78607B681B681B68C7F8D5
:105A0400E4307B681B68DB68C7F8E0307B681B68A0
:105A14005B69C7F8DC300023C7F8D8300023C7F827
:105A2400D430D7F8E43003F00F03C7F8D830D7F8F0
:105A3400D830002B0FD1D7F8E43003F02003002B2B
:105A440009D0D7F8E03003F02003002B03D07868A6
:105A540000F0A6FD73E2D7F8D830002B00F0DE800A
:105A6400D7F8DC3003F00103002B06D1D7F8E0307F
:105A740003F49073002B00F0D180D7F8E43003F0E6
:105A84000103002B0BD0D7F8E03003F48073002B14
:105A940005D07B685B6C43F001027B685A64D7F8DD
:105AA400E43003F00403002B0BD0D7F8DC3003F010
:105AB4000103002B05D07B685B6C43F002027B681A
:105AC4005A64D7F8E43003F00203002B0BD0D7F864
:105AD400DC3003F00103002B05D07B685B6C43F0E2
:105AE40004027B685A64D7F8E43003F00803002BFF
:105AF40011D0D7F8E03003F02003002B05D1D7F8FC
:105B0400DC3003F00103002B05D07B685B6C43F0B1
:105B140008027B685A647B685B6C002B00F00A8285
:105B2400D7F8E43003F02003002B08D0D7F8E03096
:105B340003F02003002B02D0786800F031FD7B686D
:105B44001B685B6903F04003402B0CBF0123002357
:105B5400DBB2C7F8D4307B685B6C03F00803002B1E
:105B640003D1D7F8D430002B4FD0786800F03CFC38
:105B74007B681B685B6903F04003402B41D17B6861
:105B84001B681433C7F89C30D7F89C3053E8003FA7
:105B9400C7F89830D7F8983023F04003C7F8D030CE
:105BA4007B681B681433D7F8D020C7F8A820C7F83F
:105BB400A430D7F8A410D7F8A82041E80023C7F8E8
:105BC400A030D7F8A030002BD9D17B68DB6B002B39
:105BD40013D07B68DB6B8A4A1A657B68DB6B1846DB
:105BE400FCF706FE0346002B16D07B68DB6B1B6DAF
:105BF4007A68D26B104698470EE07868FCF750F844
:105C04000AE07868FCF74CF806E07868FCF748F896
:105C14007B6800225A648DE100BF8BE17B681B6BBB
:105C2400012B40F06781D7F8E43003F01003002B18
:105C340000F06081D7F8E03003F01003002B00F08F
:105C440059810023BB607B681B681B68BB607B6851
:105C54001B685B68BB60BB687B681B685B6903F09F
:105C64004003402B40F0CE807B68DB6B1B685B6895
:105C7400A7F8BE30B7F8BE30002B00F0A9807B68CF
:105C84009B8DB7F8BE209A4280F0A2807B68B7F85B
:105C9400BE20DA857B68DB6BDB69B3F5807F00F0BF
:105CA40088807B681B680C33C7F88830D7F8883045
:105CB40053E8003FC7F88430D7F8843023F4807366
:105CC400C7F8B8307B681B680C33D7F8B820C7F81E
:105CD4009420C7F89030D7F89010D7F8942041E872
:105CE4000023C7F88C30D7F88C30002BD9D17B68CF
:105CF4001B6814337B677B6F53E8003F3B673B6F44
:105D040023F00103C7F8B4307B681B681433D7F859
:105D1400B420C7F88020FB67F96FD7F8802041E8EA
:105D24000023BB67BB6F002BE1D17B681B68143376
:105D34003B663B6E53E8003FFB65FB6D23F040037D
:105D4400C7F8B0307B681B681433D7F8B020FA6604
:105D5400BB66B96EFA6E41E800237B667B6E002B4E
:105D6400E3D17B68202283F842207B6800221A63F7
:105D74007B681B680C33FB64FB6C53E8003FBB641B
:105D8400BB6C23F01003C7F8AC307B681B680C3382
:105D9400D7F8AC20BA657B65796DBA6D41E800230C
:105DA4003B653B6D002BE3D17B68DB6B1846FCF74E
:105DB400AFFC7B6802225A637B689A8D7B68DB8D1B
:105DC4009BB2D31A9BB21946786800F0D9F8B3E0B5
:105DD4007B689B8DB7F8BE209A4240F0AD807B680B
:105DE400DB6BDB69B3F5807F40F0A6807B68022221
:105DF4005A637B689B8D1946786800F0C1F89BE074
:105E0400B36400087B689A8D7B68DB8D9BB2D31AE0
:105E1400A7F8CE307B68DB8D9BB2002B00F08E8020
:105E2400B7F8CE30002B00F089807B681B680C33F8
:105E3400BB63BB6B53E8003F7B637B6B23F49073C2
:105E4400C7F8C8307B681B680C33D7F8C8207A645D
:105E54003B64396C7A6C41E80023FB63FB6B002BD9
:105E6400E3D17B681B6814337B627B6A53E8003F91
:105E74003B623B6A23F00103C7F8C4307B681B68AC
:105E84001433D7F8C4203A63FB62F96A3A6B41E8E9
:105E94000023BB62BB6A002BE3D17B68202283F81A
:105EA40042207B6800221A637B681B680C333B61C9
:105EB4003B6953E8003FFB60FB6823F01003C7F81D
:105EC400C0307B681B680C33D7F8C020FA61BB6113
:105ED400B969FA6941E800237B617B69002BE3D14E
:105EE4007B6802225A63B7F8CE301946786800F00E
:105EF40047F823E0D7F8E43003F08003002B09D0FF
:105F0400D7F8E03003F08003002B03D0786800F06A
:105F1400DFFA14E0D7F8E43003F04003002B0ED08E
:105F2400D7F8E03003F04003002B08D0786800F085
:105F34001FFB04E000BF02E000BF00E000BFE83741
:105F4400BD4680BD80B483B000AF786000BF0C371D
:105F5400BD465DF8047B704780B483B000AF7860C1
:105F640000BF0C37BD465DF8047B704780B483B036
:105F740000AF786000BF0C37BD465DF8047B704706
:105F840080B483B000AF78600B467B8000BF0C37D1
:105F9400BD465DF8047B704780B590B000AF786073
:105FA4007B689B6BFB637B681B681B6803F48073D3
:105FB400002B37D1FB6B0022DA84FB6B1B68143394
:105FC4007B627B6A53E8003F3B623B6A23F08003B9
:105FD400BB63FB6B1B681433BA6B3A63FB62F96AED
:105FE4003A6B41E80023BB62BB6A002BE5D1FB6B33
:105FF4001B680C333B613B6953E8003FFB60FB6863
:1060040043F040037B63FB6B1B680C337A6BFA61D0
:10601400BB61B969FA6941E800237B617B69002BA4
:10602400E5D102E0F86BFBF729FE00BF4037BD461F
:1060340080BD80B584B000AF78607B689B6BFB60EB
:10604400F868FFF77FFF00BF1037BD4680BD80B5FD
:106054009CB000AF78607B689B6BFB667B681B68B9
:106064001B6803F48073002B72D1FB6E0022DA8567
:10607400FB6E1B680C33FB64FB6C53E8003FBB6492
:10608400BB6C23F48073BB66FB6E1B680C33BA6E67
:10609400BA657B65796DBA6D41E800233B653B6D5C
:1060A400002BE5D1FB6E1B681433BB63BB6B53E859
:1060B400003F7B637B6B23F001037B66FB6E1B68F5
:1060C40014337A6E7A643B64396C7A6C41E8002349
:1060D400FB63FB6B002BE5D1FB6E1B6814337B6207
:1060E4007B6A53E8003F3B623B6A23F040033B6614
:1060F400FB6E1B6814333A6E3A63FB62F96A3A6BBF
:1061040041E80023BB62BB6A002BE5D1FB6E202271
:1061140083F84220FB6E1B6B012B19D1FB6E1B68AD
:106124000C333B613B6953E8003FFB60FB6823F0A1
:106134001003FB65FB6E1B680C33FA6DFA61BB61DF
:10614400B969FA6941E800237B617B69002BE5D1D9
:10615400FB6E00225A63FB6E1B6B012B06D1FB6E98
:106164009B8D1946F86EFFF70BFF02E0F86EFFF700
:10617400F3FE00BF7037BD4680BD80B584B000AF6C
:1061840078607B689B6BFB60FB6801225A63FB6849
:106194001B6B012B08D1FB689B8D5B089BB21946D6
:1061A400F868FFF7EDFE02E0F868FFF7DFFE00BFD6
:1061B4001037BD4680BD80B584B000AF7860002341
:1061C400FB607B689B6BBB60BB681B685B6903F00F
:1061D4008003802B0CBF01230023DBB2FB60BB6870
:1061E40093F84130DBB2212B08D1FB68002B05D09A
:1061F400BB680022DA84B86800F0CEF8BB681B687C
:106204005B6903F04003402B0CBF01230023DBB286
:10621400FB60BB6893F84230DBB2222B08D1FB68E9
:10622400002B05D0BB680022DA85B86800F0DCF8E2
:10623400BB685B6C43F01002BB685A64B868FBF738
:106244002FFD00BF1037BD4680BD000080B598B05B
:1062540000AFF860B9601346FB80BA68FB689A62C5
:10626400FB68FA889A85FB6800225A64FB6822223C
:1062740083F84220FB68DB6B444ADA63FB68DB6B20
:10628400434A1A64FB68DB6B424ADA64FB68DB6BE3
:1062940000221A6507F10803FB65FB68D86BFB68ED
:1062A4001B6804331946FB6D1A68FB88FCF7D8F9A0
:1062B4000346002B08D0FB6810225A64FB68202296
:1062C40083F8422001235DE000233B61FB681B68E7
:1062D4001B683B61FB681B685B683B613B69FB684F
:1062E4001B69002B19D0FB681B680C333B643B6CA7
:1062F40053E8003FFB63FB6B43F48073BB65FB68AF
:106304001B680C33BA6DFA64BB64B96CFA6C41E86F
:1063140000237B647B6C002BE5D1FB681B68143382
:10632400FB62FB6A53E8003FBB62BB6A43F00103B4
:106334007B65FB681B6814337A6DBA637B63796B86
:10634400BA6B41E800233B633B6B002BE5D1FB6850
:106354001B681433BB61BB6953E8003F7B617B69F5
:1063640043F040033B65FB681B6814333A6D7A6263
:106374003B62396A7A6A41E80023FB61FB69002BBE
:10638400E5D1002318466037BD4680BD5360000840
:106394007F610008BB61000880B489B000AF7860F9
:1063A4007B681B680C33FB60FB6853E8003FBB60F1
:1063B400BB6823F0C003FB617B681B680C33FA697C
:1063C400BA617B617969BA6941E800233B613B6941
:1063D400002BE5D17B68202283F8412000BF2437BD
:1063E400BD465DF8047B704780B495B000AF78601B
:1063F4007B681B680C337B637B6B53E8003F3B6318
:106404003B6B23F49073FB647B681B680C33FA6C5E
:106414003A64FB63F96B3A6C41E80023BB63BB6BE2
:10642400002BE5D17B681B6814333B623B6A53E85D
:10643400003FFB61FB6923F00103BB647B681B68BD
:106444001433BA6CFA62BB62B96AFA6A41E800238F
:106454007B627B6A002BE5D17B681B6B012B19D116
:106464007B681B680C33FB60FB6853E8003FBB6030
:10647400BB6823F010037B647B681B680C337A6C65
:10648400BA617B617969BA6941E800233B613B6980
:10649400002BE5D17B68202283F842207B68002210
:1064A4001A6300BF5437BD465DF8047B704780B55E
:1064B40084B000AF78607B689B6BFB60FB68002254
:1064C400DA85F868FBF7ECFB00BF1037BD4680BDEA
:1064D40080B485B000AF78607B6893F84130DBB25C
:1064E400212B3ED17B689B68B3F5805F14D17B6818
:1064F4001B69002B10D17B681B6AFB60FB681B883F
:106504001A467B681B68C2F308025A607B681B6AE0
:106514009A1C7B681A6208E07B681B6A591C7A68BB
:1065240011621A787B681B685A607B68DB8C9BB2AB
:10653400013B9BB27A681946D184002B0FD17B684A
:106544001B68DA687B681B6822F08002DA607B686B
:106554001B68DA687B681B6842F04002DA6000233B
:1065640000E0022318461437BD465DF8047B7047EB
:1065740080B582B000AF78607B681B68DA687B689E
:106584001B6822F04002DA607B68202283F84120F5
:106594007868FBF773FB002318460837BD4680BDB7
:1065A40080B58CB000AF78600023FB620023BB622F
:1065B4007B6893F84230DBB2222B40F0AA807B68E0
:1065C4009B68B3F5805F15D17B681B69002B11D1E3
:1065D4007B689B6ABB627B681B685B689BB2C3F386
:1065E40008039AB2BB6A1A807B689B6A9A1C7B6810
:1065F4009A6224E07B689B6AFB627B689B68B3F5C4
:10660400805F07D07B689B68002B0AD17B681B697D
:10661400002B06D17B681B685B68DAB2FB6A1A70D0
:1066240008E07B681B685B68DBB203F07F03DAB2C7
:10663400FB6A1A707B689B6A5A1C7B689A627B6847
:10664400DB8D9BB2013B9BB27A681946D185002B46
:106654005DD17B681B68DA687B681B6822F02002C6
:10666400DA607B681B68DA687B681B6822F48072D6
:10667400DA607B681B685A697B681B6822F0010238
:106684005A617B68202283F842207B6800225A6387
:106694007B681B6B012B35D17B6800221A637B68F6
:1066A4001B680C337B617B6953E8003F3B613B69AA
:1066B40023F010037B627B681B680C337A6A3A62AE
:1066C400FB61F9693A6A41E80023BB61BB69002BAD
:1066D400E5D17B681B681B6803F01003102B0AD1FB
:1066E4000023FB607B681B681B68FB607B681B687E
:1066F4005B68FB60FB687B689B8D19467868FFF7D5
:106704003FFC02E07868FFF727FC002302E0002347
:1067140000E0022318463037BD4680BD2DE9B04F56
:10672400C0B000AFC7F8F400D7F8F4301B681B6999
:1067340023F44050D7F8F430D968D7F8F4301A6805
:1067440040EA01031361D7F8F4309A68D7F8F430BB
:106754001B691A43D7F8F4305B691A43D7F8F4304D
:10676400DB691343C7F8F830D7F8F4301B68DB68EB
:1067740023F4164121F00C01D7F8F4301A68D7F845
:10678400F8300B43D360D7F8F4301B685B6923F40B
:106794004070D7F8F4309969D7F8F4301A6840EAB1
:1067A40001035361D7F8F4301A688F4B9A4205D02D
:1067B400D7F8F4301A688D4B9A4204D1FEF72EFBB9
:1067C400C7F8FC0003E0FEF715FBC7F8FC00D7F898
:1067D400F430DB69B3F5004F40F00C81D7F8FC309E
:1067E4000022C7F8E830C7F8EC20D7E93A4522463A
:1067F4002B469118B9655B41FB65D7E91623214601
:1068040012EB0108294643EB01094FF000024FF057
:1068140000034FEAC90343EA58734FEAC80290469B
:106824009946234618EB0303C7F8E0302B4649EB9F
:106834000303C7F8E430D7F8F4305B680022C7F8E4
:10684400D830C7F8DC20D7E936120B46DB183B6595
:10685400134642EB03037B65D7E91423D7E93801D8
:10686400F9F7B6FC02460B46614BA3FB02235B0916
:106874001C01D7F8FC300022C7F8D030C7F8D42068
:10688400D7E9348942464B469118B9645B41FB64AD
:10689400D7E91223414612EB010A494643EB010BA7
:1068A4004FF000024FF000034FEACB0343EA5A7360
:1068B4004FEACA0292469B4643461AEB0303C7F8C3
:1068C400C8304B464BEB0303C7F8CC30D7F8F43051
:1068D4005B680022C7F8C030C7F8C420D7E930127B
:1068E4000B46DB183B64134642EB03037B64D7E996
:1068F4001023D7E93201F9F76BFC02460B46114627
:106904003B4BA3FB01235B09642202FB03F3CB1A79
:10691400DB0003F13202364BA3FB02235B095B006D
:1069240003F4F8731C44D7F8FC300022C7F8B830DD
:10693400C7F8BC20D7E92E8942464B469118B96363
:106944005B41FB63D7E90E2341465118396349463D
:106954004B417B634FF000024FF00003D7E90CABCF
:106964005946CB00514643EA51735146CA0010467A
:106974001946034642469B18C7F8B0304B460A46B0
:1069840042EB0303C7F8B430D7F8F4305B68002255
:10699400C7F8A830C7F8AC20D7E92A120B46DB1891
:1069A400BB62134642EB0303FB62D7E90A23D7E930
:1069B4002C01F9F70DFC02460B460D4BA3FB021309
:1069C4005B09642101FB03F3D31ADB003233084A69
:1069D400A2FB03235B0903F00702D7F8F4301B681A
:1069E40022449A6006E100BF0010014000140140F7
:1069F4001F85EB51D7F8FC300022C7F8A030C7F848
:106A0400A420D7E9288942464B46911839625B4154
:106A14007B62D7E9082341465418494643EB0105F4
:106A24004FF000024FF00003EB0043EA5473E2001E
:106A340014461D464346E318C7F898304B4645EBC9
:106A44000303C7F89C30D7F8F4305B680022C7F81A
:106A54009030C7F894204FF000024FF00003D7E9BC
:106A6400244529468B00214643EA917321468A0036
:106A7400D7E92601F9F7ACFB02460B46604BA3FBB2
:106A840002235B091C01D7F8FC300022C7F88830C8
:106A9400C7F88C20D7E9228942464B469118B96140
:106AA4005B41FB61D7E906234146511839614946E8
:106AB4004B417B614FF000024FF00003D7E904AB78
:106AC4005946CB00514643EA51735146CA00104619
:106AD4001946034642469B18C7F880304B460A467F
:106AE40042EB0303C7F88430D7F8F4305B68002224
:106AF400BB67FA674FF000024FF00003D7E91E8925
:106B040049468B00414643EA917341468A00D7E9DE
:106B14002001F9F75DFB02460B461146384BA3FBF7
:106B240001235B09642202FB03F3CB1A1B013233FA
:106B3400334AA2FB03235B0903F0F0031C44D7F898
:106B4400FC3000223B677A67D7E91C8942464B46F2
:106B54009118B9605B41FB60D7E9022341465118A3
:106B6400396049464B417B604FF000024FF000030F
:106B7400D7E900AB5946CB00514643EA517351461D
:106B8400CA0010461946034642469B18BB664B464C
:106B94000A4642EB0303FB66D7F8F4305B68002235
:106BA4003B667A664FF000024FF00003D7E918897C
:106BB40049468B00414643EA917341468A00D7E92E
:106BC4001A01F9F705FB02460B460D4BA3FB021312
:106BD4005B09642101FB03F3D31A1B013233084A16
:106BE400A2FB03235B0903F00F02D7F8F4301B6800
:106BF40022449A6000BF07F58077BD46BDE8B08F98
:106C04001F85EB5184B080B584B000AF786007F184
:106C14001C0080E80E0097F82130012B23D17B68FB
:106C24009B6B23F480327B689A637B68DB6823F474
:106C3400840323F040037A68D3607B68DB6823F421
:106C440040127B68DA6097F82830012B05D17B6805
:106C5400DB6843F480127B68DA60786801F0E8FA54
:106C64000346FB731BE07B68DB6843F040027B68F0
:106C7400DA60786801F0DCFA0346FB7397F8253094
:106C8400002B06D17B689B6B43F480327B689A634C
:106C940005E07B689B6B23F480327B689A63BB7F3F
:106CA400012B0BD17B689B6843F006027B689A60DA
:106CB4007B689B6843F020027B689A60FB7B1846E4
:106CC4001037BD46BDE8804004B0704780B487B03B
:106CD40000AFF860B9601346FB71FB79022B65D1F4
:106CE400BB68414A934206D9BB68404A934202D2E8
:106CF4000F237B6162E0BB683C4A934206D3BB68C6
:106D04003B4A934202D20E237B6157E0BB68384A68
:106D1400934206D3BB68374A934202D20D237B6168
:106D24004CE0BB68334A934206D3BB68324A934271
:106D340002D80C237B6141E0BB682F4A934206D9F9
:106D4400BB682E4A934202D80B237B6136E0BB68B2
:106D54002A4A934206D9BB68294A934202D80A2395
:106D64007B612BE0BB68264A934206D9BB68254A5F
:106D7400934202D209237B6120E0BB68214A9342FB
:106D840006D3BB68204A934202D808237B6115E0EE
:106D9400BB681D4A934206D9BB681C4A934202D27F
:106DA40007237B610AE006237B6107E0FB79002B64
:106DB40002D109237B6101E009237B61FB68DB6865
:106DC40023F47052FB68DA60FB68DA687B699B0223
:106DD40003F470531A43FB68DA60002318461C3727
:106DE400BD465DF8047B7047BFACD800C0E1E40049
:106DF4000024F400807306019F491A01FF2C31011D
:106E04003FA44C0100366E011FABA6010048E80107
:106E140080B483B000AF78607B689B6843F0010264
:106E24007B689A60002318460C37BD465DF8047BE6
:106E3400704780B483B000AF78607B689B6823F0B0
:106E440001027B689A60002318460C37BD465DF842
:106E5400047B704780B584B000AF78600B46FB704C
:106E64000023FB607B68DB6823F0C0427B68DA6048
:106E7400FB78012B15D17B68DB6843F000527B68FB
:106E8400DA600A20FBF738FAFB680A33FB6078689B
:106E940001F03FF90346012B1ED0FB68C72BF0D944
:106EA4001AE0FB78002B15D17B68DB6843F0804245
:106EB4007B68DA600A20FBF71FFAFB680A33FB6081
:106EC400786801F026F90346002B05D0FB68C72B30
:106ED400F0D901E0012305E0FB68C82B01D10123AF
:106EE40000E0002318461037BD4680BD84B080B54D
:106EF40086B000AF786007F1240080E80E0000231C
:106F0400FB757B68FB6000233B6109E07A683B69A1
:106F140040339B00134400225A603B6901333B61B8
:106F24003B690E2BF2D997F82E30002B1CD1FB684D
:106F340003F500635B68FA6802F5006243F002033C
:106F440053607B689B6B43F400127B689A637B6895
:106F54009B6B23F400227B689A637B689B6B23F40E
:106F640080227B689A630BE07B689B6B23F400129E
:106F74007B689A637B689B6B43F400227B689A630B
:106F8400FB6803F560631A460023136097F8293001
:106F9400012B0DD197F82730002B04D100217868FC
:106FA40000F068F908E00121786800F063F903E073
:106FB4000321786800F05EF91021786800F0FAF88F
:106FC4000346002B01D00123FB75786800F024F9F7
:106FD4000346002B01D00123FB75FB6803F5006316
:106FE4001A4600231361FB6803F500631A46002365
:106FF4005361FB6803F500631A460023D361002341
:107004003B6143E03B695A01FB68134403F5106399
:107014001B6803F00043B3F1004F18D13B69002B08
:107024000AD13B695A01FB68134403F510631A46FD
:107034004FF00063136013E03B695A01FB6813448B
:1070440003F510631A464FF09043136008E03B6960
:107054005A01FB68134403F510631A4600231360B6
:107064003B695A01FB68134403F510631A46002375
:1070740013613B695A01FB68134403F510631A4614
:107084004FF67F3393603B6901333B6197F82430BB
:107094001A463B699342B5D300233B6143E03B6905
:1070A4005A01FB68134403F530631B6803F0004383
:1070B400B3F1004F18D13B69002B0AD13B695A0147
:1070C400FB68134403F530631A464FF00063136002
:1070D40013E03B695A01FB68134403F530631A4615
:1070E4004FF09043136008E03B695A01FB68134476
:1070F40003F530631A46002313603B695A01FB68A9
:10710400134403F530631A46002313613B695A01A3
:10711400FB68134403F530631A464FF67F339360DC
:107124003B6901333B6197F824301A463B6993422B
:10713400B5D3FB6803F500631B69FA6802F50062C6
:1071440023F4807313617B6800229A617B686FF07B
:1071540080425A6197F82630002B05D17B689B69E1
:1071640043F010027B689A617B689A69104B134361
:107174007A68936197F82A30002B05D07B689B6965
:1071840043F008027B689A6197F82E30012B07D1EF
:107194007B689B6943F0804343F004037A689361FE
:1071A400FB7D18461837BD46BDE8804004B07047E3
:1071B40000383C8080B485B000AF7860396000232B
:1071C400FB60FB680133FB60FB68B3F1706F01D9AE
:1071D40003231BE07B681B69002BF2DA0023FB60AE
:1071E4003B689B0143F020027B681A61FB68013312
:1071F400FB60FB68B3F1706F01D9032306E07B6881
:107204001B6903F02003202BF0D000231846143709
:10721400BD465DF8047B704780B485B000AF7860EC
:107224000023FB60FB680133FB60FB68B3F1706F04
:1072340001D9032318E07B681B69002BF2DA0023D1
:10724400FB607B6810221A61FB680133FB60FB68FA
:10725400B3F1706F01D9032306E07B681B6903F067
:107264001003102BF0D0002318461437BD465DF8E8
:10727400047B704780B485B000AF78600B46FB7028
:107284007B68FB60FB6803F500631A68FB78F968A8
:1072940001F5006113430B60002318461437BD4603
:1072A4005DF8047B704780B487B000AF78607B687A
:1072B4003B613B6903F500639B6803F00603FB60D5
:1072C400FB68002B02D10023FB750AE0FB68022B4C
:1072D40002D0FB68062B02D10223FB7501E00F23C9
:1072E400FB75FB7D18461C37BD465DF8047B704773
:1072F40080B485B000AF786039607B68FB603B6820
:107304001B78BB603B685B78012B3AD1FB6803F5C3
:107314000063DA693B681B7803F00F03012101FA6B
:1073240003F39BB2F96801F500611343CB61BB68B9
:107334005A01FB68134403F510631B6803F400430C
:10734400002B55D1BB685A01FB68134403F5106345
:107354001A683B689B68C3F30A013B681B799B046A
:107364001943BB689B050B431343BA685101FA6880
:107374000A4402F5106243F0805343F4004313605F
:1073840036E0FB6803F50063DA693B681B7803F0B9
:107394000F03012101FA03F31B04F96801F50061ED
:1073A4001343CB61BB685A01FB68134403F5306394
:1073B4001B6803F40043002B1AD1BB685A01FB6815
:1073C400134403F530631A683B689B68C3F30A01EE
:1073D4003B681B799B040B431343BA685101FA6859
:1073E4000A4402F5306243F0805343F400431360CF
:1073F400002318461437BD465DF8047B704700002F
:1074040080B485B000AF786039607B68FB603B680E
:107414001B78BB603B685B78012B61D1BB685A0168
:10742400FB68134403F510631B6803F00043B3F1D6
:10743400004F1FD1BB685A01FB68134403F5106366
:107444001B68BA685101FA680A4402F5106243F0F5
:1074540000631360BB685A01FB68134403F51063AF
:107464001B68BA685101FA680A4402F5106243F0D5
:1074740080431360FB6803F50063DA6B3B681B7899
:1074840003F00F03012101FA03F39BB2DB43F96814
:1074940001F500611340CB63FB6803F50063DA690F
:1074A4003B681B7803F00F03012101FA03F39BB23D
:1074B400DB43F96801F500611340CB61BB685A01F5
:1074C400FB68134403F510631A68BB685901FB6831
:1074D4000B4403F510631946354B13400B6060E011
:1074E400BB685A01FB68134403F530631B6803F05F
:1074F4000043B3F1004F1FD1BB685A01FB6813442A
:1075040003F530631B68BA685101FA680A4402F54E
:10751400306243F000631360BB685A01FB68134494
:1075240003F530631B68BA685101FA680A4402F52E
:10753400306243F080431360FB6803F50063DA6B49
:107544003B681B7803F00F03012101FA03F31B04CA
:10755400DB43F96801F500611340CB63FB6803F575
:107564000063DA693B681B7803F00F03012101FA19
:1075740003F31B04DB43F96801F500611340CB619D
:10758400BB685A01FB68134403F530631A68BB688F
:107594005901FB680B4403F530631946054B13404E
:1075A4000B60002318461437BD465DF8047B704712
:1075B400007833EC0078F3EF80B58AB002AFF8605E
:1075C400B9601346FB71FB68FB61BB681B78BB6148
:1075D400BB685B78012B40F07F81BB681B69002B83
:1075E40032D1BB695A01FB69134403F510631B696B
:1075F400BA695101FA690A4402F5106223F0FF5393
:1076040023F4C0131361BB695A01FB69134403F5E6
:1076140010631B69BA695101FA690A4402F51062E0
:1076240043F400231361BB695A01FB69134403F556
:1076340010631B69BA695101FA690A4402F51062C0
:10764400DB0CDB04136197E0BB695A01FB6913444B
:1076540003F510631B69BA695101FA690A4402F51A
:107664001062DB0CDB041361BB695A01FB69134430
:1076740003F510631B69BA695101FA690A4402F5FA
:10768400106223F0FF5323F4C0131361BB69002B72
:107694001AD1BB681A69BB689B689A4203D9BB6854
:1076A4009A68BB681A61BB695A01FB69134403F504
:1076B40010631B69BA695101FA690A4402F5106240
:1076C40043F40023136144E0BB681A69BB689B68F8
:1076D40013445A1EBB689B68B2FBF3F3FB82BB697D
:1076E4005A01FB69134403F510631A69FB8AD90430
:1076F400A44B0B40B9694801F969014401F51061D3
:1077040013430B61BB681B79012B22D1BB695A015E
:10771400FB69134403F510631B69BA695101FA69E3
:107724000A4402F5106223F0C0431361BB695A0195
:10773400FB69134403F510631A69FB8A5B0703F0C2
:10774400C043B9694801F969014401F51061134363
:107754000B61BB695A01FB69134403F510631A6991
:10776400BB681B69C3F31203B9694801F969014491
:1077740001F5106113430B61FB79012B4BD1BB68FD
:10778400DB69002B09D0BB695A01FB69134403F57B
:1077940010631A46BB68DB695361BB681B79012B14
:1077A40028D1FB6903F500639B6803F48073002B05
:1077B40010D1BB695A01FB69134403F510631B68BC
:1077C400BA695101FA690A4402F5106243F00053A0
:1077D40013600FE0BB695A01FB69134403F510639E
:1077E4001B68BA695101FA690A4402F5106243F050
:1077F40080531360BB695A01FB69134403F510639A
:107804001B68BA695101FA690A4402F5106243F02F
:107814000443136066E1BB695A01FB69134403F531
:1078240010631B68BA695101FA690A4402F51062CF
:1078340043F004431360BB681B79012B15D0BB686C
:107844001B69002B00F04E81FB6903F500635A6B42
:10785400BB681B7803F00F03012101FA03F3F969F4
:1078640001F5006113434B633CE1FB6903F50063DD
:107874009B6803F48073002B10D1BB695A01FB6928
:10788400134403F510631B68BA695101FA690A4489
:1078940002F5106243F0005313600FE0BB695A0114
:1078A400FB69134403F510631B68BA695101FA6953
:1078B4000A4402F5106243F080531360BB68D96830
:1078C400BB681A78BB681B6998B2FB7900930346BE
:1078D400F86800F0B9F905E1BB695A01FB69134482
:1078E40003F530631B69BA695101FA690A4402F568
:1078F4003062DB0CDB041361BB695A01FB6913447E
:1079040003F530631B69BA695101FA690A4402F547
:10791400306223F0FF5323F4C0131361BB69002BBF
:1079240032D1BB681B69002B03D0BB689A68BB6863
:107934001A61BB689A68BB681A62BB695A01FB6921
:10794400134403F530631A69BB681B6AC3F312035B
:10795400B9694801F969014401F5306113430B61C8
:10796400BB695A01FB69134403F530631B69BA69A7
:107974005101FA690A4402F5306243F400231361A9
:1079840062E000BF0000F81FBB681B69002B23D115
:10799400BB695A01FB69134403F530631A69BB6878
:1079A4009B68C3F31203B9694801F969014401F5FD
:1079B400306113430B61BB695A01FB69134403F53E
:1079C40030631B69BA695101FA690A4402F53062ED
:1079D40043F40023136137E0BB681A69BB689B68F2
:1079E40013445A1EBB689B68B2FBF3F3FB82BB686B
:1079F4009B68FA8A03FB02F2BB681A62BB695A01EC
:107A0400FB69134403F530631A69FB8AD904384BC4
:107A14000B40B9694801F969014401F53061134328
:107A24000B61BB695A01FB69134403F530631A699E
:107A3400BB681B6AC3F31203B9694801F9690144BD
:107A440001F5306113430B61FB79012B0DD1BB6848
:107A5400DB68002B09D0BB68D968BB695A01FB6994
:107A6400134403F530630A465A61BB681B79012B42
:107A740028D1FB6903F500639B6803F48073002B32
:107A840010D1BB695A01FB69134403F530631B68C9
:107A9400BA695101FA690A4402F5306243F00053AD
:107AA40013600FE0BB695A01FB69134403F53063AB
:107AB4001B68BA695101FA690A4402F5306243F05D
:107AC40080531360BB695A01FB69134403F53063A7
:107AD4001B68BA695101FA690A4402F5306243F03D
:107AE40004431360002318462037BD4680BD00BF01
:107AF4000000F81F80B487B000AF786039600023BD
:107B0400FB600023FB757B683B613B685B78012B62
:107B14004AD13B681B785A013B69134403F510634F
:107B24001B6803F00043B3F1004F40F086803B68CC
:107B34001B785A013B69134403F510631B683A68C8
:107B4400127851013A690A4402F5106243F0006365
:107B540013603B681B785A013B69134403F51063B7
:107B64001B683A68127851013A690A4402F51062B6
:107B740043F080431360FB680133FB60FB6842F20F
:107B84001072934202D90123FB7556E03B681B78BF
:107B94005A013B69134403F510631B6803F0004367
:107BA400B3F1004FE7D048E03B681B785A013B69CA
:107BB400134403F530631B6803F00043B3F1004F33
:107BC4003BD13B681B785A013B69134403F530638E
:107BD4001B683A68127851013A690A4402F5306226
:107BE40043F0006313603B681B785A013B691344FC
:107BF40003F530631B683A68127851013A690A4404
:107C040002F5306243F080431360FB680133FB608C
:107C1400FB6842F21072934202D90123FB750CE017
:107C24003B681B785A013B69134403F530631B68B6
:107C340003F00043B3F1004FE7D0FB7D18461C3737
:107C4400BD465DF8047B704780B489B000AFF8602E
:107C5400B96011461A460B46FB711346BB80FB689C
:107C64007B61BB68FB6197F82830002B23D1BB886C
:107C740003339B083B610023BB6118E0FB791A03C3
:107C84007B69134403F580531A46FB691B68136030
:107C9400FB690133FB61FB690133FB61FB69013360
:107CA400FB61FB690133FB61BB690133BB61BA69E9
:107CB4003B699A42E2D3002318462437BD465DF857
:107CC400047B704780B48BB000AFF860B960134692
:107CD400FB80FB68BB61BB687B62FB889B089BB233
:107CE4007B61FB8803F00303FB8300233B6214E006
:107CF400BB6903F580531A687B6A1A607B6A013397
:107D04007B627B6A01337B627B6A01337B627B6AC1
:107D140001337B623B6A01333B623A6A7B699A4274
:107D2400E6D3FB8B002B1ED000233B62BB6903F51B
:107D340080531A4607F1100312681A603A693B6AC5
:107D4400DBB2DB0022FA03F3DAB27B6A1A703B6A15
:107D540001333B627B6A01337B62FB8B013BFB8318
:107D6400FB8B002BEAD17B6A18462C37BD465DF8A5
:107D7400047B704780B485B000AF786039607B685D
:107D8400FB603B681B78BB603B685B78012B2CD1A4
:107D9400BB685A01FB68134403F510631B68002B8E
:107DA40012DBBB68002B0FD0BB685A01FB6813447D
:107DB40003F510631B68BA685101FA680A4402F5B6
:107DC400106223F080431360BB685A01FB681344BC
:107DD40003F510631B68BA685101FA680A4402F596
:107DE400106243F4001313602BE0BB685A01FB6874
:107DF400134403F530631B68002B12DBBB68002BB4
:107E04000FD0BB685A01FB68134403F530631B6849
:107E1400BA685101FA680A4402F5306223F08043DB
:107E24001360BB685A01FB68134403F530631B6895
:107E3400BA685101FA680A4402F5306243F4001347
:107E44001360002318461437BD465DF8047B704761
:107E540080B485B000AF786039607B68FB603B68B4
:107E64001B78BB603B685B78012B28D1BB685A0147
:107E7400FB68134403F510631B68BA685101FA6880
:107E84000A4402F5106223F4001313603B681B7963
:107E9400032B03D03B681B79022B38D1BB685A01F2
:107EA400FB68134403F510631B68BA685101FA6850
:107EB4000A4402F5106243F08053136027E0BB6864
:107EC4005A01FB68134403F530631B68BA68510117
:107ED400FA680A4402F5306223F4001313603B6825
:107EE4001B79032B03D03B681B79022B0FD1BB6892
:107EF4005A01FB68134403F530631B68BA685101E7
:107F0400FA680A4402F5306243F080531360002398
:107F140018461437BD465DF8047B704780B485B0BD
:107F240000AF78600B46FB707B68FB60FB6803F571
:107F340000631B68FA6802F5006223F4FE631360B1
:107F4400FB6803F500631A68FB781B0103F4FE6306
:107F5400F96801F5006113430B60002318461437D8
:107F6400BD465DF8047B704780B485B000AF78608F
:107F74007B68FB60FB6803F560631B68FA6802F5C5
:107F8400606223F003031360FB6803F500635B681E
:107F9400FA6802F5006223F00203536000231846D6
:107FA4001437BD465DF8047B704780B485B000AFDC
:107FB40078607B68FB60FB6803F560631B68FA68A4
:107FC40002F5606223F003031360FB6803F50063AA
:107FD4005B68FA6802F5006243F002035360002311
:107FE40018461437BD465DF8047B704780B485B0ED
:107FF40000AF78607B685B69FB607B689B69FA68AB
:108004001340FB60FB6818461437BD465DF8047BDB
:10801400704780B485B000AF78607B68FB60FB6814
:1080240003F500639B69BB60FB6803F50063DB69D0
:10803400BA681340BB60BB681B0C18461437BD46B6
:108044005DF8047B704780B485B000AF78607B68CE
:10805400FB60FB6803F500639B69BB60FB6803F589
:108064000063DB69BA681340BB60BB689BB2184607
:108074001437BD465DF8047B704780B485B000AF0B
:1080840078600B46FB707B68FB60FB785A01FB68E9
:10809400134403F530639B68BB60FB6803F500631E
:1080A4005B69BA681340BB60BB6818461437BD46A9
:1080B4005DF8047B704780B487B000AF78600B46EE
:1080C400FB707B687B617B6903F500631B693B6123
:1080D4007B6903F500635B6BFB60FB7803F00F03C4
:1080E400FA6822FA03F3DB01DBB23A6913433B611A
:1080F400FB785A017B69134403F510639B683A6962
:108104001340BB60BB6818461C37BD465DF8047B52
:10811400704780B483B000AF78607B685B6903F01C
:10812400010318460C37BD465DF8047B704780B4E4
:1081340085B000AF78607B68FB60FB6803F5106373
:108144001B68FA6802F5106223F4FF6323F0070347
:108154001360FB6803F500635B68FA6802F500626C
:1081640043F480735360002318461437BD465DF80A
:10817400047B704780B487B000AFF8600B467A6028
:10818400FB72FB687B61FB683C3304331B683B6117
:108194003B69264A93420AD97B6903F530631B681D
:1081A40003F00043B3F1004F01D1002337E07B69B2
:1081B40003F530631A46002313617B6903F53063CA
:1081C4001B697A6902F5306243F4002313617B6909
:1081D40003F530631B697A6902F5306243F01803D2
:1081E40013617B6903F530631B697A6902F53062B8
:1081F40043F0C0431361FB7A012B0FD17B6903F574
:1082040030631A467B6853617B6903F530631B68EE
:108214007A6902F5306243F0802313600023184624
:108224001C37BD465DF8047B704700BF0A30544FCD
:1082340080B485B000AF78600023FB60FB68013335
:10824400FB60FB68B3F1706F01D9032322E07B6804
:108254001B69002BF2DA0A23FB6002E0FB68013B96
:10826400FB60FB68002BF9D17B681B6943F00102BA
:108274007B681A61FB680133FB60FB68B3F1706FC4
:1082840001D9032306E07B681B6903F00103012B7A
:10829400F0D0002318461437BD465DF8047B7047C0
:1082A40080B586B000AFF860B9601346FB71FB6817
:1082B400002B01D103231FE0FB680022C3F8B8227E
:1082C400FB680022C3F8C422FB680022C3F8D02252
:1082D400BB68002B03D0FB68BA68C3F8B422FB6800
:1082E400012283F89C22FB68FA791A70F86801F07D
:1082F400CFFE0346FB75FB7D18461837BD4680BD8F
:1083040080B584B000AF786039600023FB813B689E
:10831400002B01D1032325E07B683A68C3F8B82217
:108324007B68D3F8D4227B68AE3253F82230DB6A00
:10833400002B0FD07B68D3F8D4227B68AE3253F87D
:108344002230DB6A07F10E021046984702467B682A
:10835400C3F8D0227B68D3F8D8325A1C7B68C3F8A0
:10836400D822002318461037BD4680BD80B582B0A0
:1083740000AF7860786801F0DDFE034618460837E0
:10838400BD4680BD80B483B000AF7860002318463A
:108394000C37BD465DF8047B704780B584B000AFF0
:1083A40078600B46FB700023FB737B68D3F8B8320C
:1083B400002B09D07B68D3F8B8321B68FA781146D1
:1083C400786898470346FB73FB7B18461037BD4615
:1083D40080BD80B584B000AF78600B46FB7000238D
:1083E400FB737B68D3F8B8325B68FA781146786817
:1083F40098470346002B01D00323FB73FB7B1846ED
:108404001037BD4680BD80B584B000AF7860396058
:108414007B6803F2AA233968184601F0CEF87B681A
:108424000122C3F894227B68B3F8B0321A467B6801
:10843400C3F898227B6893F8AA3203F01F03022B37
:108444001AD0022B22D8002B02D0012B0AD01DE017
:108454007B6803F2AA231946786800F023FB0346DD
:10846400FB7320E07B6803F2AA231946786800F0C6
:108474008BFB0346FB7316E07B6803F2AA231946C1
:10848400786800F0EDFB0346FB730CE07B6893F81F
:10849400AA3223F07F03DBB21946786801F0AAFE02
:1084A4000346FB7300BFFB7B18461037BD4680BDF7
:1084B40080B586B000AFF8600B467A60FB7200238B
:1084C400FB75FB7A002B77D1FB6803F5AA733B613C
:1084D400FB68D3F89432032B40F0A1803B695B68BE
:1084E4003A69928993421CD93B695B683A699289DB
:1084F4009A1A3B695A603B691B693A6992891A4422
:108504003B691A613B6919693B699B891A463B6956
:108514005B68934238BF13461A46F86801F033F992
:108524007DE0FB6893F8AA3203F01F03022B14D0FA
:10853400022B1DD8002B02D0012B03D018E00023FE
:10854400BB7518E0FB68B3F8AE32DBB21946F868C5
:1085540000F06EFA0346BB750DE0FB68B3F8AE326B
:10856400DBB21946F86800F070FA0346BB7502E006
:108574000023BB7500BFBB7D002B19D1FB6893F8AA
:108584009C32DBB2032B13D1BA7DFB68AE3253F8B5
:1085940022301B69002B0BD0BA7DFB68C3F8D422B0
:1085A400BA7DFB68AE3253F822301B69F8689847ED
:1085B400F86801F0F9F832E0FB7A03F07F03DBB2EC
:1085C4001946F86800F041FA0346BB75BB7DFF2BE2
:1085D40025D0BB7D002B22D1FB6893F89C32DBB203
:1085E400032B17D1BA7DFB68AE3253F822309B6956
:1085F400002B0FD0BA7DFB68C3F8D422BA7DFB6888
:10860400AE3253F822309B69FA7A1146F8689847DB
:108614000346FB75FB7D002B01D0FB7D00E00023AE
:1086240018461837BD4680BD80B586B000AFF860E7
:108634000B467A60FB72FB7A002B78D1FB6814330B
:108644003B61FB68D3F89432022B63D13B695B68CE
:108654003A69928993421CD93B695B683A69928969
:108664009A1A3B695A603B691B693A6992891A44B0
:108674003B691A613B6919693B695B681A46F8688A
:1086840001F070F8002300220021F86801F05CFE7C
:1086940040E03B699B891A463B695B689A421CD15E
:1086A4003B691B683A699289934216D33B691A68FD
:1086B400FB68D3F898329A420FD200220021F8685E
:1086C40001F050F8FB680022C3F89822002300222E
:1086D4000021F86801F038FE1CE0FB6893F89C3236
:1086E400DBB2032B0FD1FB68D3F8B832DB68002B65
:1086F40009D0FB680022C3F8D422FB68D3F8B8324F
:10870400DB68F86898478021F86801F073FDF86821
:1087140001F05DF8FB6893F8A032002B3AD0F868BA
:10872400FFF730FEFB68002283F8A02232E0FB7AD8
:1087340063F07F03DBB21946F86800F086F903465C
:10874400FB75FB7DFF2B25D0FB7D002B22D1FB6825
:1087540093F89C32DBB2032B1CD1FA7DFB68AE325A
:1087640053F822305B69002B14D0FA7DFB68C3F800
:10877400D422FA7DFB68AE3253F822305B69FA7A70
:108784001146F86898470346BB75BB7D002B01D0A2
:10879400BB7D00E0002318461837BD4680BD80B578
:1087A40084B000AF78600023FB737B68012283F8F8
:1087B4009C227B680022C3F894227B6800225A60C2
:1087C4007B680022C3F8A4227B68002283F8A022DD
:1087D4007B68D3F8B832002B14D07B68D3F8B83256
:1087E4005B68002B0ED07B68D3F8B8325B687A687C
:1087F4005268D2B21146786898470346002B01D0DC
:108804000323FB73402300220021786801F0ADFCB0
:108814007B68012283F863217B684022A3F86021EE
:10882400402300228021786801F09FFC7B680122AC
:1088340083F823207B6840221A84FB7B1846103778
:10884400BD4680BD80B483B000AF78600B46FB703A
:108854007B68FA781A74002318460C37BD465DF815
:10886400047B704780B483B000AF78607B6893F872
:108874009C32DBB2042B06D07B6893F89C32DAB2CC
:108884007B6883F89D227B68042283F89C22002362
:1088940018460C37BD465DF8047B704780B483B03E
:1088A40000AF78607B6893F89C32DBB2042B06D16E
:1088B4007B6893F89D32DAB27B6883F89C220023AC
:1088C40018460C37BD465DF8047B704780B582B00E
:1088D40000AF78607B6893F89C32DBB2032B10D135
:1088E4007B68D3F8B832002B0BD07B68D3F8B8324E
:1088F400DB69002B05D07B68D3F8B832DB69786874
:108904009847002318460837BD4680BD80B582B01D
:1089140000AF78600B46FB707B68D3F8D4227B6889
:10892400AE3253F82230002B01D103231CE07B68C4
:1089340093F89C32DBB2032B15D17B68D3F8D42295
:108944007B68AE3253F822301B6A002B0BD07B6855
:10895400D3F8D4227B68AE3253F822301B6AFA78FB
:10896400114678689847002318460837BD4680BDED
:1089740080B582B000AF78600B46FB707B68D3F89B
:10898400D4227B68AE3253F82230002B01D103236A
:108994001CE07B6893F89C32DBB2032B15D17B6817
:1089A400D3F8D4227B68AE3253F822305B6A002BB2
:1089B4000BD07B68D3F8D4227B68AE3253F82230D4
:1089C4005B6AFA7811467868984700231846083796
:1089D400BD4680BD80B483B000AF786000231846E4
:1089E4000C37BD465DF8047B704780B584B000AF9A
:1089F40078600023FB737B68012283F89C227B68E8
:108A0400D3F8B832002B0ED07B68D3F8B8325B6849
:108A14007A685268D2B21146786898470346002BA8
:108A240001D00323FB73FB7B18461037BD4680BD82
:108A340080B483B000AF78600B46FB700023184607
:108A44000C37BD465DF8047B704780B483B000AF3B
:108A540078600B46FB70002318460C37BD465DF862
:108A6400047B704780B487B000AF78607B687B611B
:108A74007B691B787B827B6901337B617B691B7813
:108A84003B82B7F910301B021AB2B7F91230134304
:108A94001BB2FB81FB8918461C37BD465DF8047B7D
:108AA4007047000080B584B000AF7860396000235F
:108AB400FB733B681B7803F06003402B05D0402B0D
:108AC40057D8002B0FD0202B53D17B68D3F8D42256
:108AD4007B68AE3253F822309B68396878689847CF
:108AE4000346FB734AE03B685B78092B3BD801A241
:108AF40052F823F04D8B0008618B00086B8B000843
:108B0400578B00086B8B00082B8B0008218B000807
:108B14006B8B0008438B0008358B00083968786834
:108B240000F03EFA24E03968786800F0A3FB1FE007
:108B34003968786800F0E2FB0346FB7318E0396893
:108B4400786800F085FC13E03968786800F0B6FCBA
:108B54000EE03968786800F0E5FC09E03968786867
:108B640000F009FD04E03968786800F060FD00BF9A
:108B740004E03968786800F05AFD00BFFB7B1846B2
:108B84001037BD4680BD00BF80B584B000AF7860AB
:108B940039600023FB733B681B7803F06003402BB0
:108BA40005D0402B52D8002B01D0202B4ED17B680E
:108BB40093F89C32DBB2013B022B40D83B689B8884
:108BC400DBB2022B36D83B689B88DBB21946786847
:108BD400FFF72EFF0346BB73BB7BFF2B1DD0BB7B74
:108BE400002B1AD1BA7B7B68AE3253F822309B68D3
:108BF400002B0FD0BA7B7B68C3F8D422BA7B7B6886
:108C0400AE3253F822309B68396878689847034637
:108C1400FB7304E00323FB7301E00323FB733B6852
:108C2400DB88002B10D1FB7B002B0DD1786800F082
:108C3400BBFD09E03968786800F0F9FC04E03968A4
:108C4400786800F0F4FC00E000BF04E0396878685C
:108C540000F0EDFC00BFFB7B18461037BD4680BD1D
:108C640080B584B000AF786039600023FB733B6843
:108C74009B88BB733B681B7803F06003402B07D0D1
:108C8400402B00F28181002B2AD0202B40F07C81E4
:108C9400BB7B19467868FFF7D8FE03467B737B7B62
:108CA400FF2B00F076817B7B002B40F072817A7B76
:108CB4007B68C3F8D4227A7B7B68AE3253F82230C7
:108CC4009B68002B00F065817A7B7B68AE3253F899
:108CD40022309B683968786898470346FB7358E1EB
:108CE4003B685B78032B08D0032B00F34781002BF0
:108CF40000F09B80012B3CD040E17B6893F89C32D0
:108D0400DBB2022B02D0032B16D02CE0BB7B002B52
:108D14000DD0BB7B802B0AD0BB7B1946786801F051
:108D240069FA8021786801F065FA00BF20E03968AB
:108D3400786800F07CFC1BE03B685B88002B0ED15C
:108D4400BB7B002B0BD0BB7B802B08D03B68DB8824
:108D5400002B04D1BB7B1946786801F04BFA786884
:108D640000F022FD04E03968786800F060FC00BF80
:108D740009E17B6893F89C32DBB2022B02D0032B0F
:108D840016D04BE0BB7B002B0DD0BB7B802B0AD0D5
:108D9400BB7B1946786801F02DFA8021786801F0D0
:108DA40029FA00BF40E03968786800F040FC3BE0F5
:108DB4003B685B88002B36D1BB7B03F07F03002B21
:108DC40004D0BB7B1946786801F033FA786800F068
:108DD400EBFCBB7B19467868FFF737FE03467B73D1
:108DE4007B7BFF2B1FD07B7B002B1CD17A7B7B688A
:108DF400C3F8D4227A7B7B68AE3253F822309B6866
:108E0400002B10D07A7B7B68AE3253F822309B68FB
:108E14003968786898470346FB7304E039687868D2
:108E240000F005FC00E000BFADE07B6893F89C32E5
:108E3400DBB2022B02D0032B33D099E0BB7B002B97
:108E440007D0BB7B802B04D03968786800F0EFFB37
:108E540093E097F90E30002B0BDABB7B03F07F0213
:108E640013469B0013449B0010337A681344043365
:108E74000BE0BB7B03F07F0213469B0013449B0073
:108E840003F5A8737A6813440433BB60BB680022FB
:108E94009A73BB680E3302221946786800F044FCCA
:108EA4006BE097F90E30002B11DABB7B03F00F0255
:108EB400796813469B0013449B000B4423331B78AF
:108EC400002B17D13968786800F0B1FB55E0BB7B03
:108ED40003F00F02796813469B0013449B000B4474
:108EE40003F263131B78002B04D13968786800F00F
:108EF4009EFB42E097F90E30002B0BDABB7B03F0AC
:108F04007F0213469B0013449B0010337A6813447A
:108F140004330BE0BB7B03F07F0213469B00134436
:108F24009B0003F5A8737A6813440433BB60BB7BCE
:108F3400002B02D0BB7B802B03D1BB6800229A7329
:108F44000EE0BB7B1946786801F092F90346002BCA
:108F540003D0BB6801229A7302E0BB6800229A73B3
:108F6400BB680E3302221946786800F0DDFB04E08A
:108F74003968786800F05BFB00BF04E03968786802
:108F840000F055FB00BF05E03968786800F04FFB3E
:108F940000E000BFFB7B18461037BD4680BD0000D3
:108FA40080B584B000AF7860396000233B81002332
:108FB400FB600023FB723B685B881B0A9BB2013B8E
:108FC400062B00F2288101A252F823F0ED8F00084D
:108FD40005900008459000081B9200081B920008A9
:108FE400BB910008E79100087B68D3F8B4321B6892
:108FF4007A68127C07F1080110469847F86012E17C
:109004007B681B7C002B0DD17B68D3F8B8329B6A3C
:1090140007F1080210469847F860FB680133022202
:109024001A7000E17B68D3F8B832DB6A07F10802F2
:1090340010469847F860FB68013302221A70F2E088
:109044003B685B88DBB2052B00F2AC8001A252F8CE
:1090540023F000BF71900008A5900008D990000883
:109064000D91000841910008759100087B68D3F8C0
:10907400B4325B68002B0BD07B68D3F8B4325B68E6
:109084007A68127C07F1080110469847F86091E06D
:109094003968786800F0CBFAFB7A0133FB7289E017
:1090A4007B68D3F8B4329B68002B0BD07B68D3F871
:1090B400B4329B687A68127C07F10801104698471D
:1090C400F86077E03968786800F0B1FAFB7A013328
:1090D400FB726FE07B68D3F8B432DB68002B0BD0F3
:1090E4007B68D3F8B432DB687A68127C07F1080134
:1090F40010469847F8605DE03968786800F097FAA0
:10910400FB7A0133FB7255E07B68D3F8B4321B69F8
:10911400002B0BD07B68D3F8B4321B697A68127CBD
:1091240007F1080110469847F86043E03968786809
:1091340000F07DFAFB7A0133FB723BE07B68D3F8E5
:10914400B4325B69002B0BD07B68D3F8B4325B6913
:109154007A68127C07F1080110469847F86029E004
:109164003968786800F063FAFB7A0133FB7221E016
:109174007B68D3F8B4329B69002B0BD07B68D3F89F
:10918400B4329B697A68127C07F10801104698474B
:10919400F8600FE03968786800F049FAFB7A013327
:1091A400FB7207E03968786800F041FAFB7A013312
:1091B400FB7200BF37E07B681B7C002B09D17B6806
:1091C400D3F8B8325B6B07F1080210469847F86091
:1091D40029E03968786800F02AFAFB7A0133FB72D7
:1091E40021E07B681B7C002B0DD17B68D3F8B8325F
:1091F4001B6B07F1080210469847F860FB680133BF
:1092040007221A700FE03968786800F010FAFB7AC8
:109214000133FB7207E03968786800F008FAFB7ADA
:109224000133FB7200BFFB7A002B1ED13B68DB8845
:10923400002B16D03B89002B0ED03B68DA883B8983
:10924400934228BF13469BB23B813B891A46F96877
:10925400786800F069FA09E03968786800F0E7F99D
:1092640004E0786800F0A0FA00E000BF1037BD46C3
:1092740080BD00BF80B584B000AF786039603B68C2
:109284009B88002B31D13B68DB88002B2DD13B68B8
:109294005B887F2B29D83B685B88DBB203F07F03B4
:1092A400FB737B6893F89C32DBB2032B04D13968DF
:1092B400786800F0BCF91DE07B68FA7B83F89E2295
:1092C400FB7B1946786800F0FFFF786800F06CFAC1
:1092D400FB7B002B04D07B68022283F89C2209E0EC
:1092E4007B68012283F89C2204E03968786800F0E6
:1092F4009EF900BF00BF1037BD4680BD80B584B065
:1093040000AF786039600023FB733B685B88DAB296
:109314004E4B1A704D4B1B78012B05D93968786870
:1093240000F085F903238CE07B6893F89C32DBB270
:10933400022B02D0032B29D075E0444B1B78002B61
:1093440020D0424B1B781A467B685A603F4B1B78EF
:1093540019467868FFF721F80346FB73FB7B002B63
:1093640008D03968786800F062F97B68022283F8D3
:109374009C2265E0786800F017FA7B68032283F882
:109384009C225DE0786800F00FFA59E02F4B1B78BF
:10939400002B12D17B68022283F89C222B4B1B7872
:1093A4001A467B685A60294B1B7819467868FFF780
:1093B40010F8786800F0F8F942E0244B1B781A465C
:1093C4007B685B689A422AD07B685B68DBB219468B
:1093D4007868FEF7FEFF1D4B1B781A467B685A60BF
:1093E4001A4B1B7819467868FEF7D7FF0346FB73C0
:1093F400FB7B002B0FD03968786800F018F97B6884
:109404005B68DBB219467868FEF7E3FF7B680222EB
:1094140083F89C2214E0786800F0C6F910E07868BC
:1094240000F0C2F90CE03968786800F000F9074BE5
:109434001B7819467868FEF7CCFF0323FB7300BF43
:10944400FB7B18461037BD4680BD00BF4407002093
:1094540080B582B000AF786039603B68DB88012B4F
:1094640004D03968786800F0E2F823E07B6893F868
:109474009C32DBB2022B02DC002B03DC15E0032B55
:109484000BD012E07B6800229A607B6808330122CB
:109494001946786800F048F90CE07B68043301222F
:1094A4001946786800F040F904E03968786800F0FB
:1094B400BEF800BF00BF0837BD4680BD80B582B08E
:1094C40000AF786039607B6893F89C32DBB2013B73
:1094D400022B1ED83B68DB88022B04D039687868DD
:1094E40000F0A5F81AE07B680122DA607B68D3F803
:1094F400A432002B05D07B68DB6843F002027B6852
:10950400DA607B680C3302221946786800F00CF9A3
:1095140004E03968786800F08AF800BF00BF0837B3
:10952400BD4680BD80B582B000AF786039603B68CD
:109534005B88012B07D17B680122C3F8A4227868D9
:1095440000F032F913E03B685B88022B0BD13B68D7
:109554009B881B0A9BB2DAB27B6883F8A0227868E6
:1095640000F022F903E03968786800F060F800BF81
:109574000837BD4680BD80B582B000AF78603960E1
:109584007B6893F89C32DBB2013B022B0BD83B681F
:109594005B88012B0CD17B680022C3F8A422786875
:1095A40000F002F904E03968786800F040F800E05F
:1095B40000BF00BF0837BD4680BD80B584B000AF92
:1095C400786039603B68FB60FB681A787B681A70C6
:1095D400FB680133FB60FB681A787B685A70FB6890
:1095E4000133FB60F868FFF73DFA03461A467B68CF
:1095F4005A80FB680133FB60FB680133FB60F86849
:10960400FFF730FA03461A467B689A80FB680133F9
:10961400FB60FB680133FB60F868FFF723FA03463D
:109624001A467B68DA8000BF1037BD4680BD80B51E
:1096340082B000AF786039608021786800F0DAFD8C
:109644000021786800F0D6FD00BF0837BD4680BD14
:1096540080B586B000AFF860B9607A600023FB750E
:10966400FB68002B42D0FB683B61386900F042F88C
:10967400034601335B00B3F5007F08D8386900F076
:1096840039F8034601339BB25B009AB201E04FF410
:1096940000727B681A80FB7DBA6813447A6812787A
:1096A4001A70FB7D0133FB75FB7DBA6813440322FA
:1096B4001A70FB7D0133FB7513E0FB7DBA6813441C
:1096C4003A6912781A703B6901333B61FB7D0133BF
:1096D400FB75FB7DBA68134400221A70FB7D0133CD
:1096E400FB753B691B78002BE7D100E000BF1837FE
:1096F400BD4680BD80B485B000AF78600023FB73A5
:109704007B68BB6005E0FB7B0133FB73BB68013303
:10971400BB60BB681B78002BF5D1FB7B1846143764
:10972400BD465DF8047B704780B584B000AFF86037
:10973400B9607A60FB680222C3F89422FB687A68F5
:109744005A61FB68BA685A62FB687A689A617B68F6
:10975400BA680021F86800F0D6FD002318461037D7
:10976400BD4680BD80B584B000AFF860B9607A6052
:109774007B68BA680021F86800F0C5FD002318462C
:109784001037BD4680BD80B584B000AFF860B960C5
:109794007A607B68BA680021F86800F0D5FD002380
:1097A40018461037BD4680BD80B582B000AF7860E2
:1097B4007B680422C3F894220023002200217868E5
:1097C40000F0A1FD002318460837BD4680BD80B5D2
:1097D40082B000AF78607B680522C3F8942200232E
:1097E40000220021786800F0AFFD002318460837F6
:1097F400BD4680BD80B500AF00220E490E48FEF77D
:109804004FFD0346002B01D0F7F710FC0B490A4823
:10981400FEF776FD0346002B01D0F7F707FC064858
:10982400FEF7A4FD0346002B01D0F7F7FFFB00BFB2
:1098340080BD00BF0C00002048070020400000202D
:1098440080B483B000AF03463960FB713B681222D9
:109854001A80034B18460C37BD465DF8047B7047ED
:109864002800002080B483B000AF03463960FB7148
:109874003B6804221A80034B18460C37BD465DF83A
:10988400047B70473C00002080B582B000AF0346E3
:109894003960FB713A6804490448FFF7D9FE024B6A
:1098A40018460837BD4680BD240A002094A4000849
:1098B40080B582B000AF03463960FB713A68044951
:1098C4000448FFF7C5FE024B18460837BD4680BD65
:1098D400240A0020A0A4000880B582B000AF03468B
:1098E4003960FB713A6804490448FFF7B1FE024B42
:1098F40018460837BD4680BD240A0020BCA40008D1
:1099040080B582B000AF03463960FB713A68044900
:109914000448FFF79DFE024B18460837BD4680BD3C
:10992400240A0020C8A4000880B582B000AF034612
:109934003960FB713A6804490448FFF789FE024B19
:1099440018460837BD4680BD240A0020DCA4000860
:1099540080B582B000AF78600B46FB7030220021E6
:109964001D4800F04FFD1C4B01225A621A4B002285
:109974009A627B68184AC3F8BC2209230322812116
:10998400786800F0F2FB7B68012283F837202023FB
:1099940003228221786800F0E8FB7B68012283F8C7
:1099A4004B20202303220221786800F0DEFB7B6831
:1099B400012283F88B212023084A0221786800F0D1
:1099C400C3FC054B00221A70034B00225A7000237B
:1099D40018460837BD4680BD240C0020540C0020D6
:1099E40080B582B000AF78600B46FB708121786847
:1099F40000F0E1FB8221786800F0DDFB0221786849
:109A040000F0D9FB7B68002283F837207B680022B2
:109A140083F84B207B68002283F88B217B6800222B
:109A2400C3F8BC22002318460837BD4680BD000099
:109A340080B588B000AF786039607B68D3F8BC32F9
:109A44003B610023FB830023BB610023FB810023D4
:109A5400FB753B69002B01D10323F0E03B681B78C5
:109A640003F06003002B47D0202B40F0E0803B68DC
:109A74005B78023B092B37D801A252F823F000BFD0
:109A8400DD9A0008BB9A0008ED9A0008ED9A0008D8
:109A9400ED9A0008ED9A0008ED9A0008ED9A000886
:109AA400CB9A0008AD9A00083B685B88DBB21A4683
:109AB4003B695A621FE03B692433012219467868E6
:109AC400FFF732FE17E03B685B881B0A9BB2DBB2F0
:109AD4001A463B699A620EE03B6928330122194613
:109AE4007868FFF721FE06E039687868FFF79FFD84
:109AF4000323FB7500BFA1E03B685B780B2B00F2EE
:109B04008D8001A252F823F03D9B00082F9C000891
:109B1400219C0008219C0008219C0008219C00082D
:109B2400679B0008219C0008219C0008219C0008D8
:109B3400F39B00082F9C00087B6893F89C32DBB2EF
:109B4400032B07D107F10E03022219467868FFF7A9
:109B5400EBFD6BE039687868FFF769FD0323FB755B
:109B640064E03B685B881B0A9BB2222B1BD13B68D9
:109B74009B88DBB2002B04D1334BBB614223FB83B4
:109B840003E0324BBB612223FB833B68DB88FA8B07
:109B9400934228BF1346FB83FB8B1A46B969786846
:109BA400FFF7C2FD42E03B685B881B0A9BB2212B96
:109BB40016D13B689B88DBB2002B02D1244BBB61DE
:109BC40001E0244BBB613B68DB88092B28BF0923D8
:109BD400FB83FB8B1A46B9697868FFF7A5FD25E07E
:109BE40039687868FFF723FD0323FB751EE07B6863
:109BF40093F89C32DBB2032B09D100237B7307F16A
:109C04000D03012219467868FFF78EFD0EE03968CE
:109C14007868FFF70CFD0323FB7507E03968786863
:109C2400FFF705FD0323FB7500E000BF06E039687C
:109C34007868FFF7FCFC0323FB7500BFFB7D184627
:109C44002037BD4680BD00BF9CA50008E0A50008E4
:109C540016A600082FA6000880B485B000AF78606F
:109C64000B46FB707B68D3F8BC32FB60FB68002BAF
:109C740001D103230DE0FB78012B03D1FB68002203
:109C84001A7005E0FB78022B02D1FB6800225A709F
:109C9400002318461437BD465DF8047B7047000066
:109CA400B0B582B000AF78600B46FB70FB78022B36
:109CB40012D10C4A0C4B14461D460FCD0FC495E827
:109CC4000F0084E80F00094B01221A702023064A72
:109CD4000221786800F038FB002318460837BD4697
:109CE400B0BD00BF740C0020540C0020940C002064
:109CF40080B483B000AF78607B6842221A80034B43
:109D040018460C37BD465DF8047B704704A600086E
:109D140080B483B000AF78607B680A221A80034B5A
:109D240018460C37BD465DF8047B70477800002068
:109D340080B584B000AF786039607B68D3F8BC32FA
:109D4400FB60FB68002B01D1032317E07B6893F8C9
:109D54009C32DBB2032B01D003230FE0FB681B789A
:109D6400012B01D1012309E0FB6801221A700923A8
:109D74003A688121786800F0C6FA00231846103743
:109D8400BD4680BDB0B483B000AF78600F4B1B7884
:109D940083F00103DBB2002B01D0002311E07B68C8
:109DA4000B4A1C4615460FCD20606160A260E3603B
:109DB4000FCD20616161A261E361044B00221A703E
:109DC400012318460C37BD46B0BC7047940C0020E4
:109DD400740C002080B485B000AF78607B68D3F841
:109DE400BC32FB60FB68002B01D100230EE07B68D2
:109DF40093F89C32DBB2032B01D0002306E0FB680E
:109E04001B78002B0CBF01230023DBB21846143748
:109E1400BD465DF8047B704780B58AB000AF7860BA
:109E240007F1140300221A605A609A60DA601A611A
:109E34007B681B68B3F1A04F3AD100233B611E4BF2
:109E44001B6B1D4A43F0010313631B4B1B6B03F095
:109E540001033B613B694FF4C0537B610223BB6147
:109E64000023FB6103233B620A237B6207F1140393
:109E740019461248F8F748FF0F4B5B6B0E4A43F044
:109E8400800353630023FB600B4B5B6C0A4A43F46F
:109E940080435364084B5B6C03F48043FB60FB68B2
:109EA400002203214320F8F703FB4320F8F71CFBAF
:109EB40000BF2837BD4680BD003802400000024084
:109EC40080B582B000AF78607B68D3F8E0247B680B
:109ED40003F29C4319461046FEF795FA00BF083773
:109EE400BD4680BD80B582B000AF78600B46FB7084
:109EF4007B68D3F8E004FA7879681346DB001344EE
:109F04009B000B4403F518731A68FB781946FEF797
:109F1400CFFA00BF0837BD4680BD80B582B000AF20
:109F240078600B46FB707B68D3F8E004FA787968B4
:109F34001346DB0013449B000B4420331A68FB7860
:109F44001946FEF771FB00BF0837BD4680BD80B5DA
:109F540082B000AF78607B68D3F8E0341846FEF72F
:109F6400B5FC00BF0837BD4680BD80B584B000AFE6
:109F740078600123FB737B68DB79022B01D0F7F750
:109F840055F87B68D3F8E034FA7B11461846FEF79F
:109F940059FC7B68D3F8E0341846FEF700FC00BF98
:109FA4001037BD4680BD000080B582B000AF786038
:109FB4007B68D3F8E0341846FEF754FC7B681B68D2
:109FC40003F560631B687A68126802F5606243F007
:109FD400010313607B68DB7A002B05D0044B1B69FB
:109FE400034A43F00603136100BF0837BD4680BD32
:109FF40000ED00E080B582B000AF78607B68D3F8F4
:10A00400E0341846FEF74AFC00BF0837BD4680BD61
:10A0140080B582B000AF78600B46FB707B68D3F8E4
:10A02400E034FA7811461846FEF7A2FC00BF083760
:10A03400BD4680BD80B582B000AF78600B46FB7032
:10A044007B68D3F8E034FA7811461846FEF75EFCD4
:10A0540000BF0837BD4680BD80B582B000AF7860D0
:10A064007B68D3F8E0341846FEF7B4FC00BF083729
:10A07400BD4680BD80B582B000AF78607B68D3F800
:10A08400E0341846FEF7B1FC00BF0837BD4680BD7A
:10A0940080B582B000AF78607B681B78002B41D11B
:10A0A400234A7B68C2F8E0347B68214AC3F8C8229B
:10A0B4001F4B4FF0A0421A601D4B04221A711C4B17
:10A0C4000222DA711A4B00229A71194B02225A7237
:10A0D400174B00229A72164B0022DA72144B00229C
:10A0E4001A73134B00229A73114B0022DA7310482F
:10A0F400F9F715F80346002B01D0F6F797FF8021F6
:10A104000B48FAF72AFA402200210948FAF7DEF947
:10A11400202201210648FAF7D9F920220221044815
:10A12400FAF7D4F9002318460837BD4680BD00BFAE
:10A13400980C002080B584B000AF78600023FB73D6
:10A144000023BB737B68D3F8C8321846F9F7F6F8D6
:10A154000346FB73FB7B184600F018F90346BB73F8
:10A16400BB7B18461037BD4680BD80B584B000AFB8
:10A174007860084611461A460346FB700B46BB70CE
:10A1840013463B800023FB730023BB737B68D3F827
:10A19400C802BB783A88F978F9F7CAFD0346FB731D
:10A1A400FB7B184600F0F2F80346BB73BB7B1846F2
:10A1B4001037BD4680BD80B584B000AF78600B46D3
:10A1C400FB700023FB730023BB737B68D3F8C83296
:10A1D400FA7811461846F9F715FE0346FB73FB7B24
:10A1E400184600F0D3F80346BB73BB7B1846103700
:10A1F400BD4680BD80B584B000AF78600B46FB706F
:10A204000023FB730023BB737B68D3F8C832FA784E
:10A2140011461846F9F7B5FE0346FB73FB7B184657
:10A2240000F0B4F80346BB73BB7B18461037BD4639
:10A2340080BD80B584B000AF78600B46FB7000230E
:10A24400FB730023BB737B68D3F8C832FA781146DA
:10A254001846F9F7F9FE0346FB73FB7B184600F03A
:10A2640095F80346BB73BB7B18461037BD4680BDCB
:10A2740080B485B000AF78600B46FB707B68D3F880
:10A28400C832FB6097F90330002B0BDAFB7803F03C
:10A294007F02F9681346DB0013449B000B4416331A
:10A2A4001B780BE0FB7803F07F02F9681346DB00B0
:10A2B40013449B000B4403F256231B7818461437AF
:10A2C400BD465DF8047B704780B584B000AF78600C
:10A2D4000B46FB700023FB730023BB737B68D3F82E
:10A2E400C832FA7811461846F9F7FEFC0346FB73A8
:10A2F400FB7B184600F04AF80346BB73BB7B184649
:10A304001037BD4680BD80B586B000AFF8607A6076
:10A314003B600B46FB720023FB750023BB75FB6897
:10A32400D3F8C802F97A3B687A68F9F7F0FD034676
:10A33400FB75FB7D184600F029F80346BB75BB7D11
:10A3440018461837BD4680BD80B586B000AFF860AA
:10A354007A603B600B46FB720023FB750023BB75E0
:10A36400FB68D3F8C802F97A3B687A68F9F794FD78
:10A374000346FB75FB7D184600F008F80346BB75E1
:10A38400BB7D18461837BD4680BD000080B485B03B
:10A3940000AF0346FB710023FB73FB79032B17D833
:10A3A40001A252F823F000BFBDA30008C3A3000814
:10A3B400C9A30008CFA300080023FB730BE0032309
:10A3C400FB7308E00123FB7305E00323FB7302E046
:10A3D4000323FB7300BFFB7B18461437BD465DF8AF
:10A3E400047B704710B501390244904201D100202A
:10A3F40005E0037811F8014FA34201D0181B10BDEA
:10A404000130F2E702440346934200D1704703F857
:10A41400011BF9E770B50D4D0D4C641BA41000260B
:10A42400A64209D10B4D0C4C00F026F8641BA41075
:10A434000026A64205D170BD55F8043B9847013665
:10A44400EEE755F8043B98470136F2E750A60008BA
:10A4540050A6000850A6000854A600080A449142D9
:10A4640000F1FF3300D1704710B511F8014B03F828
:10A47400014F9142F9D110BDF8B500BFF8BC08BC3A
:10A484009E467047F8B500BFF8BC08BC9E467047AE
:10A4940044616374796C4B4200000000446163744E
:10A4A400796C204572676F6E6F6D6963204B6579B7
:10A4B400626F61726400000030303030303030310F
:10A4C4000000000048494420436F6E666967757256
:10A4D4006174696F6E00000048494420496E7465D8
:10A4E400726661636500000035001E001F002000D5
:10A4F4002B0014001A0008002900040016000700AD
:10A50400E1001D001B00060000F03A003B003C0087
:10A5140000F000005200000000F0500051004F0015
:10A5240000F00000000000002100220023002A00A7
:10A53400150017001C00180009000A000B00280071
:10A54400190005002C0010103D003E003F004C0097
:10A554004A004B004E004D0000000000000000F0D7
:10A564000000000000F000F00100020004000800F8
:10A574000100020040002000000000000000000074
:10A584000102030406070809000000000102030495
:10A59400000610160006101605010906A101850122
:10A5A400050719E029E715002501750195088102C1
:10A5B400950175088103050819012905950575019B
:10A5C40091029501750391030507190029E7150008
:10A5D40026E700950675088100C000000660FF09A3
:10A5E40061A1010962150026FF007508952081020A
:10A5F4000963150026FF00750895209102C000002C
:10A6040009024200020100A0320904000001030112
:10A6140001000921110100012242000705810309FB
:10A6240000010904010002030000000921110100D6
:10A6340001222200070582032000010705020320EE
:04A644000001000011
:08A64800BC5BFF7F0100000074
:04A65000B901000844
:04A654009501000864
:10A658000024F400100000000100000045980008E4
:10A66800699800088D980008B5980008DD980008DA
:10A67800059900082D990008120100020000004009
:10A68800EDFEC1DA00010102030100000403090420
:10A6980055990008E5990008359A0008000000005F
:10A6A800000000005D9C0008A59C00080000000058
:10A6B8000000000000000000F59C0008F59C000860
:10A6C800F59C0008159D00080A06000200000040DD
:04A6D800010000007D
:0400000508002225A8
:00000001FF
